LOTTO GAME,COMBINATIONS,DRAW DATE,JACKPOT (?),WINNERS
Lotto 6/42,13-01-31-17-21-38,1/3/2012,"5,274,727.20",0
Lotto 6/42,26-22-05-42-16-41,1/5/2012,"8,480,165.40",0
Lotto 6/42,06-17-13-28-25-38,1/7/2012,"11,982,812.40",0
Lotto 6/42,06-33-24-09-04-16,1/10/2012,"15,563,678.40",0
Lotto 6/42,24-23-18-01-36-12,1/12/2012,"19,295,148.60",1
Lotto 6/42,39-42-28-34-01-04,1/14/2012,"3,207,169.80",0
Lotto 6/42,14-34-19-39-41-01,1/17/2012,"6,427,216.80",0
Lotto 6/42,11-10-34-13-17-28,1/19/2012,"9,562,590.00",0
Lotto 6/42,31-15-30-26-19-27,1/21/2012,"12,905,150.40",0
Lotto 6/42,28-30-16-21-15-26,1/24/2012,"16,475,427.00",0
Lotto 6/42,17-35-21-10-32-42,1/26/2012,"20,007,871.20",0
Lotto 6/42,37-05-27-33-40-02,1/28/2012,"23,792,106.60",0
Lotto 6/42,18-36-38-05-28-02,1/31/2012,"28,027,321.20",1
Lotto 6/42,10-38-05-18-31-01,2/2/2012,"3,210,971.40",0
Lotto 6/42,02-23-19-39-26-05,2/4/2012,"6,650,658.00",0
Lotto 6/42,29-25-09-22-11-08,2/7/2012,"10,383,438.60",1
Lotto 6/42,35-14-19-07-27-32,2/9/2012,"3,439,654.20",0
Lotto 6/42,38-01-23-25-06-17,2/11/2012,"7,106,742.00",0
Lotto 6/42,20-30-23-34-14-39,2/14/2012,"11,099,377.80",0
Lotto 6/42,31-23-25-22-42-04,2/16/2012,"15,283,364.40",0
Lotto 6/42,02-41-17-40-21-01,2/18/2012,"19,767,749.40",0
Lotto 6/42,02-27-17-35-41-13,2/21/2012,"24,686,627.40",1
Lotto 6/42,31-10-25-22-30-06,2/23/2012,"3,530,561.40",0
Lotto 6/42,10-04-12-17-40-27,2/25/2012,"7,169,472.00",0
Lotto 6/42,20-41-04-08-11-07,2/28/2012,"11,108,206.80",0
Lotto 6/42,37-02-03-33-08-18,3/1/2012,"15,226,106.40",0
Lotto 6/42,41-23-33-22-05-42,3/3/2012,"19,551,096.00",3
Lotto 6/42,39-32-34-03-08-30,3/6/2012,"3,635,571.60",0
Lotto 6/42,12-04-17-22-23-42,3/8/2012,"6,989,457.60",2
Lotto 6/42,32-28-39-26-37-42,3/10/2012,"3,372,784.20",0
Lotto 6/42,20-40-12-04-09-30,3/13/2012,"6,769,872.00",3
Lotto 6/42,35-06-04-21-15-32,3/15/2012,"3,129,546.60",0
Lotto 6/42,18-20-42-13-24-39,3/17/2012,"6,504,663.60",1
Lotto 6/42,21-13-18-01-37-02,3/20/2012,"3,312,826.20",0
Lotto 6/42,24-01-28-03-14-27,3/22/2012,"6,339,814.20",0
Lotto 6/42,04-15-05-30-11-42,3/24/2012,"9,594,385.20",1
Lotto 6/42,27-02-19-22-06-35,3/27/2012,"3,320,586.00",1
Lotto 6/42,27-23-33-03-29-30,3/29/2012,"3,000,000.00",0
Lotto 6/42,30-08-22-01-17-23,3/31/2012,"6,269,756.40",0
Lotto 6/42,38-19-06-05-40-18,4/3/2012,"9,848,221.20",0
Lotto 6/42,17-23-12-15-22-03,4/10/2012,"13,527,837.00",0
Lotto 6/42,08-34-35-29-05-26,4/12/2012,"17,032,467.60",1
Lotto 6/42,14-02-06-31-03-26,4/14/2012,"3,138,505.20",0
Lotto 6/42,01-17-38-24-22-30,4/17/2012,"6,389,980.20",0
Lotto 6/42,34-23-33-31-02-39,4/19/2012,"9,600,980.40",0
Lotto 6/42,12-09-19-35-24-14,4/21/2012,"12,929,536.80",0
Lotto 6/42,04-10-24-13-37-01,4/24/2012,"16,535,086.20",0
Lotto 6/42,24-18-19-11-33-42,4/26/2012,"20,040,656.40",0
Lotto 6/42,07-09-03-11-31-17,4/28/2012,"23,709,688.20",2
Lotto 6/42,19-15-13-02-41-25,5/1/2012,"3,000,000.00",1
Lotto 6/42,06-09-11-20-30-13,5/3/2012,"3,000,000.00",0
Lotto 6/42,32-21-26-36-12-13,5/5/2012,"5,957,685.00",0
Lotto 6/42,22-16-21-38-42-12,5/8/2012,"9,359,447.40",0
Lotto 6/42,18-24-29-14-28-08,5/10/2012,"12,812,947.20",2
Lotto 6/42,06-27-36-22-28-14,5/12/2012,"3,339,914.40",0
Lotto 6/42,08-15-30-35-31-02,5/15/2012,"6,658,054.20",0
Lotto 6/42,08-33-05-39-06-24,5/17/2012,"10,024,770.60",0
Lotto 6/42,40-26-15-37-24-32,5/19/2012,"13,644,878.40",1
Lotto 6/42,13-37-27-26-29-16,5/22/2012,"3,168,907.20",1
Lotto 6/42,10-32-06-20-35-37,5/24/2012,"3,000,000.00",0
Lotto 6/42,11-41-07-09-10-01,5/26/2012,"6,043,881.60",0
Lotto 6/42,35-23-36-18-39-32,5/29/2012,"9,179,029.80",0
Lotto 6/42,19-30-16-11-14-08,5/31/2012,"12,380,454.00",1
Lotto 6/42,31-02-20-13-27-06,6/2/2012,"3,050,973.00",0
Lotto 6/42,20-33-28-13-31-29,6/5/2012,"6,146,177.40",0
Lotto 6/42,06-10-21-30-22-33,6/7/2012,"9,170,456.40",0
Lotto 6/42,41-17-29-30-33-18,6/9/2012,"12,655,371.60",0
Lotto 6/42,06-27-09-36-16-23,6/12/2012,"16,213,681.80",0
Lotto 6/42,37-20-02-30-22-35,6/14/2012,"20,027,890.80",0
Lotto 6/42,04-39-09-13-34-18,6/16/2012,"24,002,949.60",0
Lotto 6/42,15-08-02-33-09-42,6/19/2012,"28,481,661.00",0
Lotto 6/42,23-13-19-20-42-34,6/21/2012,"32,989,293.00",1
Lotto 6/42,32-27-03-04-28-16,6/23/2012,"3,212,935.20",0
Lotto 6/42,11-10-14-21-03-22,6/26/2012,"6,530,355.00",0
Lotto 6/42,10-14-30-05-25-13,6/28/2012,"9,775,958.40",1
Lotto 6/42,04-29-31-37-03-39,6/30/2012,"3,188,118.60",0
Lotto 6/42,18-05-27-23-10-22,7/3/2012,"6,451,988.40",2
Lotto 6/42,33-40-04-21-26-20,7/5/2012,"3,090,961.80",0
Lotto 6/42,42-23-40-33-03-11,7/7/2012,"6,504,733.80",1
Lotto 6/42,14-08-18-30-34-20,7/10/2012,"3,336,966.00",0
Lotto 6/42,22-17-01-13-32-06,7/12/2012,"6,552,570.60",0
Lotto 6/42,14-18-22-23-13-29,7/14/2012,"10,154,305.80",0
Lotto 6/42,22-19-07-08-23-28,7/17/2012,"13,932,822.60",0
Lotto 6/42,06-37-16-35-12-21,7/19/2012,"17,565,809.40",0
Lotto 6/42,29-02-41-32-19-26,7/21/2012,"21,301,601.40",0
Lotto 6/42,32-34-26-17-15-28,7/24/2012,"25,500,141.00",0
Lotto 6/42,23-28-25-15-21-14,7/26/2012,"29,681,604.00",0
Lotto 6/42,03-31-34-10-05-02,7/28/2012,"34,087,183.20",1
Lotto 6/42,29-04-28-41-02-01,7/31/2012,"3,160,612.80",0
Lotto 6/42,32-06-01-38-20-10,8/2/2012,"6,329,917.80",0
Lotto 6/42,33-28-15-19-30-23,8/4/2012,"9,605,406.60",0
Lotto 6/42,20-04-15-39-41-35,8/7/2012,"11,884,741.20",0
Lotto 6/42,42-14-41-22-25-33,8/9/2012,"15,136,385.40",1
Lotto 6/42,38-10-23-15-19-42,8/11/2012,"3,053,079.00",1
Lotto 6/42,12-21-07-24-16-42,8/14/2012,"3,000,000.00",0
Lotto 6/42,05-06-24-39-37-22,8/16/2012,"5,976,162.00",0
Lotto 6/42,21-41-36-26-27-24,8/18/2012,"9,201,709.80",0
Lotto 6/42,24-17-18-33-35-04,8/21/2012,"12,622,581.00",1
Lotto 6/42,24-26-17-25-02-22,8/23/2012,"3,096,108.00",1
Lotto 6/42,16-23-04-02-35-11,8/25/2012,"3,082,773.60",0
Lotto 6/42,12-29-27-11-04-09,8/28/2012,"6,190,594.20",2
Lotto 6/42,19-12-32-27-07-35,8/30/2012,"3,026,993.40",0
Lotto 6/42,18-33-16-28-42-09,9/1/2012,"6,217,437.60",0
Lotto 6/42,03-30-19-39-20-07,9/4/2012,"9,858,880.80",1
Lotto 6/42,19-06-21-29-33-37,9/6/2012,"3,369,785.40",0
Lotto 6/42,25-35-03-07-27-24,9/8/2012,"6,979,752.00",0
Lotto 6/42,08-16-42-12-14-15,9/11/2012,"10,913,243.40",0
Lotto 6/42,09-19-08-42-28-38,9/13/2012,"14,946,004.80",0
Lotto 6/42,03-25-28-07-16-38,9/15/2012,"19,285,275.60",0
Lotto 6/42,39-13-24-34-06-40,9/18/2012,"23,787,223.20",0
Lotto 6/42,31-27-37-40-19-30,9/20/2012,"28,260,214.20",0
Lotto 6/42,18-03-01-41-31-19,9/22/2012,"33,316,848.00",0
Lotto 6/42,20-06-30-25-36-32,9/25/2012,"39,138,085.80",0
Lotto 6/42,19-05-41-30-03-35,9/27/2012,"44,962,830.00",0
Lotto 6/42,21-15-10-04-23-09,9/29/2012,"51,241,667.40",2
Lotto 6/42,26-37-41-32-12-06,10/2/2012,"3,747,709.80",0
Lotto 6/42,09-37-33-04-01-08,10/4/2012,"7,297,576.20",1
Lotto 6/42,40-20-11-26-33-16,10/6/2012,"3,466,409.40",0
Lotto 6/42,19-38-34-30-13-25,10/9/2012,"6,964,171.20",1
Lotto 6/42,18-23-19-36-39-15,10/11/2012,"3,275,832.60",0
Lotto 6/42,08-03-29-10-06-36,10/13/2012,"6,684,075.00",0
Lotto 6/42,13-10-39-29-19-05,10/16/2012,"10,397,539.80",0
Lotto 6/42,12-22-11-28-05-21,10/18/2012,"14,141,755.80",1
Lotto 6/42,19-38-26-15-12-07,10/20/2012,"3,256,608.60",0
Lotto 6/42,02-07-28-39-11-36,10/23/2012,"6,601,132.80",0
Lotto 6/42,02-18-11-09-17-33,10/25/2012,"9,332,359.20",1
Lotto 6/42,29-26-18-07-11-41,10/27/2012,"3,238,983.00",0
Lotto 6/42,02-39-12-35-33-13,10/30/2012,"6,608,248.20",0
Lotto 6/42,39-14-18-36-37-19,11/1/2012,"8,742,175.20",0
Lotto 6/42,14-23-16-36-37-20,11/3/2012,"12,058,315.20",0
Lotto 6/42,07-42-25-13-16-34,11/6/2012,"16,050,862.80",2
Lotto 6/42,22-20-24-32-04-02,11/8/2012,"3,048,402.60",0
Lotto 6/42,36-09-07-35-18-33,11/10/2012,"6,274,537.20",0
Lotto 6/42,36-35-06-32-04-29,11/13/2012,"9,714,112.20",0
Lotto 6/42,38-30-20-06-08-11,11/15/2012,"13,220,037.00",0
Lotto 6/42,19-10-24-28-07-04,11/17/2012,"17,067,834.00",1
Lotto 6/42,29-25-07-12-35-39,11/20/2012,"3,206,005.20",1
Lotto 6/42,12-22-27-33-29-19,11/22/2012,"3,000,000.00",0
Lotto 6/42,35-16-33-39-12-37,11/24/2012,"6,172,434.00",0
Lotto 6/42,29-35-21-27-32-01,11/27/2012,"9,559,953.00",1
Lotto 6/42,20-12-35-31-23-09,11/29/2012,"3,022,579.80",0
Lotto 6/42,32-29-17-14-42-15,12/1/2012,"6,309,603.00",0
Lotto 6/42,42-04-39-21-03-40,12/4/2012,"9,587,534.40",0
Lotto 6/42,17-40-34-16-21-06,12/6/2012,"13,338,414.00",0
Lotto 6/42,27-40-03-25-32-05,12/8/2012,"17,248,888.80",0
Lotto 6/42,12-40-08-21-18-37,12/11/2012,"21,694,190.40",0
Lotto 6/42,06-08-24-21-23-16,12/13/2012,"26,173,054.80",0
Lotto 6/42,06-15-23-14-37-32,12/15/2012,"30,757,386.60",0
Lotto 6/42,22-35-08-18-25-09,12/18/2012,"35,707,604.40",0
Lotto 6/42,37-12-42-18-40-01,12/20/2012,"40,613,608.80",1
Lotto 6/42,07-13-10-08-35-09,12/22/2012,"3,574,861.20",0
Lotto 6/42,11-27-30-39-05-37,12/27/2012,"6,991,858.80",1
Lotto 6/42,13-16-26-14-33-04,12/29/2012,"3,425,142.60",0
Lotto 6/42,21-27-23-37-39-08,1/3/2013,"6,808,330.80",0
Lotto 6/42,33-31-19-23-28-15,1/5/2013,"10,363,059.00",1
Lotto 6/42,08-23-20-21-02-33,1/8/2013,"3,390,093.00",1
Lotto 6/42,42-39-03-30-15-41,1/10/2013,"3,142,548.00",0
Lotto 6/42,30-27-14-34-05-41,1/12/2013,"6,372,592.20",0
Lotto 6/42,22-18-09-10-05-01,1/15/2013,"9,994,768.20",1
Lotto 6/42,35-08-36-32-42-28,1/17/2013,"3,174,147.00",0
Lotto 6/42,40-26-22-04-35-10,1/19/2013,"6,537,760.20",0
Lotto 6/42,21-27-08-16-17-34,1/22/2013,"10,082,284.20",0
Lotto 6/42,34-41-12-24-33-19,1/24/2013,"13,641,613.20",1
Lotto 6/42,14-36-28-34-12-42,1/26/2013,"3,314,226.60",0
Lotto 6/42,35-41-23-14-30-36,1/29/2013,"6,548,056.20",0
Lotto 6/42,30-16-29-13-41-09,1/31/2013,"9,977,657.40",0
Lotto 6/42,11-42-40-27-31-18,2/2/2013,"13,808,970.00",1
Lotto 6/42,11-19-33-42-15-28,2/5/2013,"3,419,289.00",3
Lotto 6/42,09-42-02-22-17-19,2/7/2013,"3,003,006.60",0
Lotto 6/42,38-11-15-19-27-10,2/9/2013,"6,358,546.80",0
Lotto 6/42,17-30-13-39-05-19,2/12/2013,"9,956,989.80",1
Lotto 6/42,19-20-41-04-34-16,2/14/2013,"3,061,447.20",0
Lotto 6/42,37-01-28-08-12-06,2/16/2013,"6,336,637.20",0
Lotto 6/42,07-11-27-26-24-16,2/19/2013,"9,902,745.00",0
Lotto 6/42,33-10-30-09-02-20,2/21/2013,"13,464,007.20",0
Lotto 6/42,31-24-35-08-22-34,2/23/2013,"17,213,236.20",0
Lotto 6/42,16-17-24-05-22-26,2/26/2013,"21,322,879.20",0
Lotto 6/42,35-30-25-20-14-13,2/28/2013,"25,549,498.80",1
Lotto 6/42,16-07-05-20-02-40,3/2/2013,"3,475,710.00",0
Lotto 6/42,40-05-41-37-03-16,3/5/2013,"7,034,621.40",0
Lotto 6/42,08-38-11-26-18-40,3/7/2013,"10,619,166.60",0
Lotto 6/42,32-35-36-20-12-16,3/9/2013,"14,492,147.40",0
Lotto 6/42,34-02-42-21-31-26,3/12/2013,"18,479,482.20",0
Lotto 6/42,40-15-17-06-07-32,3/14/2013,"22,408,831.80",0
Lotto 6/42,14-17-29-04-38-30,3/16/2013,"26,635,469.40",0
Lotto 6/42,11-07-33-31-02-14,3/19/2013,"31,190,830.20",0
Lotto 6/42,29-21-25-30-16-35,3/21/2013,"35,883,891.00",0
Lotto 6/42,29-35-15-22-07-01,3/23/2013,"40,719,607.20",0
Lotto 6/42,41-31-32-38-03-20,3/26/2013,"46,162,051.20",0
Lotto 6/42,23-05-37-08-01-24,4/2/2013,"51,895,060.20",2
Lotto 6/42,39-40-31-06-04-27,4/4/2013,"3,129,951.60",0
Lotto 6/42,41-01-30-22-07-24,4/6/2013,"6,113,784.60",1
Lotto 6/42,31-27-24-30-29-05,4/9/2013,"3,000,000.00",0
Lotto 6/42,17-24-22-06-07-19,4/11/2013,"5,734,461.60",0
Lotto 6/42,22-11-03-24-18-39,4/13/2013,"9,012,034.80",1
Lotto 6/42,28-23-07-17-26-12,4/16/2013,"3,181,419.00",0
Lotto 6/42,24-08-16-31-18-33,4/18/2013,"6,259,372.20",0
Lotto 6/42,33-15-25-12-31-19,4/20/2013,"9,633,472.20",1
Lotto 6/42,30-33-14-37-39-13,4/23/2013,"3,071,815.20",0
Lotto 6/42,32-26-05-16-20-02,4/25/2013,"5,960,842.20",1
Lotto 6/42,40-03-06-19-14-39,4/27/2013,"3,016,951.20",0
Lotto 6/42,26-36-03-37-33-20,4/30/2013,"6,073,767.00",0
Lotto 6/42,28-18-16-12-02-05,5/2/2013,"9,530,051.40",1
Lotto 6/42,21-08-29-25-16-32,5/4/2013,"3,318,328.80",0
Lotto 6/42,35-04-15-01-10-38,5/7/2013,"6,800,232.60",1
Lotto 6/42,07-37-02-22-24-10,5/9/2013,"3,099,204.00",2
Lotto 6/42,09-01-31-34-14-20,5/11/2013,"3,177,664.20",0
Lotto 6/42,41-03-09-40-35-04,5/14/2013,"6,112,818.00",0
Lotto 6/42,13-07-24-22-11-03,5/16/2013,"9,455,994.00",2
Lotto 6/42,42-28-29-30-07-38,5/18/2013,"6,000,000.00",0
Lotto 6/42,11-35-22-34-31-04,5/21/2013,"8,969,584.00",0
Lotto 6/42,34-26-16-29-18-27,5/23/2013,"12,791,220.00",0
Lotto 6/42,32-20-27-04-24-16,5/25/2013,"17,024,840.00",0
Lotto 6/42,05-04-10-21-03-16,5/28/2013,"21,202,604.00",0
Lotto 6/42,04-31-13-30-08-32,5/30/2013,"25,195,212.00",0
Lotto 6/42,22-09-34-14-28-27,6/1/2013,"29,772,684.00",0
Lotto 6/42,34-15-31-33-04-11,6/4/2013,"34,162,808.00",0
Lotto 6/42,22-13-05-19-25-10,6/6/2013,"39,462,944.00",2
Lotto 6/42,22-21-27-33-07-30,6/8/2013,"6,000,000.00",0
Lotto 6/42,19-28-30-20-04-39,6/11/2013,"7,219,136.00",0
Lotto 6/42,33-09-30-18-14-22,6/13/2013,"10,385,308.00",0
Lotto 6/42,21-23-38-34-06-33,6/15/2013,"14,175,720.00",0
Lotto 6/42,35-32-24-36-19-28,6/18/2013,"17,964,776.00",0
Lotto 6/42,23-27-19-13-37-32,6/20/2013,"21,740,460.00",0
Lotto 6/42,17-01-35-04-14-07,6/22/2013,"25,735,364.00",0
Lotto 6/42,11-26-32-07-36-33,6/25/2013,"29,890,216.00",0
Lotto 6/42,38-27-32-35-22-08,6/27/2013,"33,917,556.00",1
Lotto 6/42,26-35-39-08-38-28,6/29/2013,"6,000,000.00",0
Lotto 6/42,25-07-27-08-16-10,7/2/2013,"6,666,936.00",0
Lotto 6/42,14-20-37-08-13-39,7/4/2013,"9,775,272.00",0
Lotto 6/42,13-20-23-25-27-28,7/6/2013,"13,592,580.00",0
Lotto 6/42,29-39-11-15-07-21,7/9/2013,"17,093,184.00",1
Lotto 6/42,15-27-08-16-37-14,7/11/2013,"6,000,000.00",0
Lotto 6/42,07-34-26-12-23-38,7/13/2013,"6,440,892.00",0
Lotto 6/42,24-29-01-27-03-42,7/16/2013,"9,770,064.00",1
Lotto 6/42,05-29-34-35-10-27,7/18/2013,"6,000,000.00",0
Lotto 6/42,09-08-38-03-36-02,7/20/2013,"6,384,180.00",0
Lotto 6/42,12-42-31-32-06-13,7/23/2013,"9,409,564.00",0
Lotto 6/42,25-22-21-04-19-07,7/25/2013,"12,560,080.00",0
Lotto 6/42,29-36-30-16-39-41,7/27/2013,"16,022,900.00",0
Lotto 6/42,30-27-14-10-35-20,7/30/2013,"19,656,556.00",0
Lotto 6/42,11-42-05-10-27-22,8/1/2013,"23,301,496.00",1
Lotto 6/42,06-41-14-37-40-35,8/3/2013,"6,000,000.00",0
Lotto 6/42,41-07-04-38-13-29,8/6/2013,"6,282,888.00",0
Lotto 6/42,20-40-29-24-07-08,8/8/2013,"9,139,868.00",0
Lotto 6/42,39-40-11-19-30-35,8/10/2013,"12,327,584.00",0
Lotto 6/42,19-08-30-40-15-18,8/13/2013,"15,860,576.00",0
Lotto 6/42,37-13-40-08-30-11,8/15/2013,"19,497,128.00",0
Lotto 6/42,37-11-25-35-08-32,8/17/2013,"22,918,252.00",0
Lotto 6/42,15-30-42-35-16-13,8/20/2013,"25,930,996.00",0
Lotto 6/42,01-10-18-08-06-42,8/22/2013,"29,938,156.00",0
Lotto 6/42,01-38-40-29-22-25,8/24/2013,"34,263,156.00",0
Lotto 6/42,39-18-38-02-35-16,8/27/2013,"39,119,964.00",0
Lotto 6/42,17-09-42-29-34-36,8/29/2013,"44,005,592.00",1
Lotto 6/42,20-05-41-35-02-28,8/31/2013,"6,000,000.00",0
Lotto 6/42,38-36-39-01-22-16,9/3/2013,"6,196,352.00",0
Lotto 6/42,31-11-35-06-40-23,9/5/2013,"8,934,164.00",0
Lotto 6/42,21-29-32-27-40-24,9/7/2013,"12,110,960.00",0
Lotto 6/42,16-13-15-17-36-28,9/10/2013,"14,948,848.00",0
Lotto 6/42,25-12-40-08-24-23,9/12/2013,"17,877,244.00",0
Lotto 6/42,01-34-09-28-31-30,9/14/2013,"21,353,192.00",0
Lotto 6/42,05-27-32-36-22-09,9/17/2013,"24,933,960.00",0
Lotto 6/42,38-37-21-42-16-35,9/19/2013,"28,349,348.00",0
Lotto 6/42,39-02-20-08-25-05,9/21/2013,"32,243,492.00",0
Lotto 6/42,31-11-33-34-22-14,9/24/2013,"36,036,660.00",0
Lotto 6/42,01-03-26-04-27-19,9/26/2013,"39,709,788.00",0
Lotto 6/42,26-40-38-18-02-35,9/28/2013,"43,786,692.00",0
Lotto 6/42,14-07-17-32-03-23,10/1/2013,"49,028,528.00",0
Lotto 6/42,09-31-11-38-33-18,10/3/2013,"54,514,020.00",0
Lotto 6/42,06-01-31-23-13-11,10/5/2013,"60,181,596.00",2
Lotto 6/42,04-24-31-37-03-19,10/8/2013,"6,000,000.00",0
Lotto 6/42,27-09-16-35-42-19,10/10/2013,"6,000,000.00",0
Lotto 6/42,09-37-06-39-36-13,10/12/2013,"8,501,840.00",0
Lotto 6/42,15-19-27-06-09-26,10/15/2013,"11,261,876.00",0
Lotto 6/42,25-35-39-18-23-40,10/17/2013,"14,183,856.00",0
Lotto 6/42,15-11-19-33-18-07,10/19/2013,"17,371,676.00",0
Lotto 6/42,21-38-35-15-39-10,10/22/2013,"21,111,124.00",0
Lotto 6/42,04-22-12-25-20-21,10/24/2013,"24,853,032.00",0
Lotto 6/42,29-20-28-35-16-11,10/26/2013,"28,424,744.00",0
Lotto 6/42,37-17-03-20-28-23,10/29/2013,"32,557,272.00",0
Lotto 6/42,07-35-14-30-06-04,10/31/2013,"36,909,680.00",0
Lotto 6/42,24-37-07-30-25-01,11/2/2013,"40,698,928.00",0
Lotto 6/42,32-17-30-08-20-11,11/5/2013,"45,730,328.00",0
Lotto 6/42,18-22-41-04-19-20,11/7/2013,"50,638,124.00",0
Lotto 6/42,28-30-02-03-08-42,11/9/2013,"56,230,840.00",1
Lotto 6/42,32-16-24-03-05-25,11/12/2013,"6,000,000.00",0
Lotto 6/42,14-39-15-18-42-04,11/14/2013,"6,000,000.00",0
Lotto 6/42,30-03-17-41-26-02,11/16/2013,"8,941,568.00",0
Lotto 6/42,32-26-10-40-41-36,11/19/2013,"11,921,524.00",0
Lotto 6/42,28-32-38-36-14-16,11/21/2013,"14,749,020.00",0
Lotto 6/42,18-35-17-40-15-30,11/23/2013,"18,079,068.00",0
Lotto 6/42,22-15-02-34-01-36,11/26/2013,"21,221,548.00",0
Lotto 6/42,32-10-12-08-20-26,11/28/2013,"24,264,760.00",0
Lotto 6/42,33-40-01-07-24-42,11/30/2013,"28,195,300.00",1
Lotto 6/42,03-23-06-15-20-25,12/3/2013,"6,000,000.00",2
Lotto 6/42,29-41-17-26-09-04,12/5/2013,"6,000,000.00",0
Lotto 6/42,30-02-11-16-18-03,12/7/2013,"6,000,000.00",0
Lotto 6/42,42-12-21-38-19-25,12/10/2013,"8,282,872.00",0
Lotto 6/42,37-18-04-32-15-21,12/12/2013,"11,085,664.00",0
Lotto 6/42,27-04-38-13-03-11,12/14/2013,"14,495,172.00",0
Lotto 6/42,18-01-10-34-24-35,12/17/2013,"18,298,172.00",0
Lotto 6/42,17-05-30-10-36-12,12/19/2013,"22,213,608.00",0
Lotto 6/42,25-02-38-04-32-34,12/21/2013,"26,068,812.00",0
Lotto 6/42,01-41-24-16-20-15,12/24/2013,"28,628,940.00",1
Lotto 6/42,29-41-20-36-40-03,12/26/2013,"6,000,000.00",0
Lotto 6/42,16-11-34-41-31-03,12/28/2013,"6,334,552.00",0
Lotto 6/42,29-14-41-19-38-37,12/31/2013,"8,477,020.00",0
Lotto 6/42,16-14-04-15-39-10,1/2/2014,"11,463,512.00",0
Lotto 6/42,18-26-07-33-40-06,1/4/2014,"14,755,896.00",0
Lotto 6/42,06-32-25-38-10-41,1/7/2014,"18,538,044.00",0
Lotto 6/42,21-13-19-27-20-23,1/9/2014,"22,425,340.00",1
Lotto 6/42,38-22-21-34-19-16,1/11/2014,"6,000,000.00",0
Lotto 6/42,08-24-37-42-36-14,1/14/2014,"6,000,000.00",1
Lotto 6/42,12-29-11-33-22-36,1/16/2014,"6,000,000.00",0
Lotto 6/42,08-27-25-03-41-26,1/18/2014,"6,000,000.00",0
Lotto 6/42,10-37-19-12-03-32,1/21/2014,"9,196,320.00",0
Lotto 6/42,09-03-11-22-40-15,1/23/2014,"12,368,508.00",0
Lotto 6/42,07-24-34-22-20-35,1/25/2014,"15,928,868.00",0
Lotto 6/42,31-19-27-17-20-12,1/28/2014,"19,748,020.00",0
Lotto 6/42,04-07-19-40-09-33,1/30/2014,"23,729,832.00",0
Lotto 6/42,11-21-12-04-20-08,2/1/2014,"27,893,532.00",2
Lotto 6/42,23-08-28-09-24-33,2/4/2014,"6,000,000.00",0
Lotto 6/42,01-09-32-37-33-05,2/6/2014,"6,000,000.00",0
Lotto 6/42,09-19-11-22-16-06,2/8/2014,"8,976,540.00",2
Lotto 6/42,22-41-35-20-29-42,2/11/2014,"6,000,000.00",0
Lotto 6/42,11-25-21-39-41-05,2/13/2014,"6,000,000.00",0
Lotto 6/42,34-31-16-03-29-12,2/15/2014,"8,360,180.00",0
Lotto 6/42,30-26-21-16-32-05,2/18/2014,"11,262,144.00",0
Lotto 6/42,08-06-20-35-26-10,2/20/2014,"14,107,432.00",0
Lotto 6/42,27-32-38-16-34-08,2/22/2014,"17,406,600.00",0
Lotto 6/42,32-40-06-21-37-14,2/25/2014,"20,574,712.00",0
Lotto 6/42,16-38-28-15-19-24,2/27/2014,"23,695,640.00",0
Lotto 6/42,29-21-03-04-02-31,3/1/2014,"27,428,564.00",0
Lotto 6/42,24-35-25-03-30-34,3/4/2014,"31,942,524.00",0
Lotto 6/42,04-26-21-39-09-10,3/6/2014,"36,407,824.00",0
Lotto 6/42,02-11-01-03-37-22,3/8/2014,"40,522,572.00",0
Lotto 6/42,25-40-38-12-06-34,3/11/2014,"45,662,880.00",0
Lotto 6/42,15-20-21-23-01-05,3/13/2014,"50,677,708.00",1
Lotto 6/42,26-22-25-04-19-12,3/15/2014,"6,000,000.00",1
Lotto 6/42,14-10-19-21-24-20,3/18/2014,"6,000,000.00",0
Lotto 6/42,10-16-08-11-13-32,3/20/2014,"6,000,000.00",0
Lotto 6/42,01-21-28-42-35-30,3/22/2014,"8,187,512.00",0
Lotto 6/42,06-15-05-18-24-27,3/25/2014,"10,979,844.00",0
Lotto 6/42,12-27-34-41-31-05,3/27/2014,"13,718,904.00",0
Lotto 6/42,07-13-23-29-32-16,3/29/2014,"16,904,096.00",0
Lotto 6/42,27-08-04-40-33-12,4/1/2014,"20,109,076.00",1
Lotto 6/42,01-36-23-31-03-25,4/3/2014,"6,000,000.00",0
Lotto 6/42,21-31-02-14-25-09,4/5/2014,"6,000,000.00",0
Lotto 6/42,05-30-37-02-28-14,4/8/2014,"8,846,892.00",0
Lotto 6/42,42-19-27-02-07-41,4/10/2014,"11,712,876.00",0
Lotto 6/42,33-13-40-28-39-41,4/12/2014,"15,031,412.00",0
Lotto 6/42,15-30-03-31-18-01,4/15/2014,"18,387,204.00",1
Lotto 6/42,11-33-05-22-30-41,4/22/2014,"6,000,000.00",0
Lotto 6/42,37-17-31-01-34-42,4/24/2014,"6,000,000.00",0
Lotto 6/42,18-20-27-26-32-13,4/26/2014,"7,943,352.00",0
Lotto 6/42,20-06-11-39-05-42,4/29/2014,"10,547,316.00",0
Lotto 6/42,34-40-29-41-37-28,5/1/2014,"12,983,452.00",0
Lotto 6/42,19-12-27-14-22-18,5/3/2014,"15,972,016.00",1
Lotto 6/42,33-41-20-12-03-10,5/6/2014,"6,000,000.00",0
Lotto 6/42,26-08-37-01-23-21,5/8/2014,"6,000,000.00",0
Lotto 6/42,34-29-19-24-22-13,5/10/2014,"7,311,608.00",0
Lotto 6/42,40-19-05-29-15-16,5/13/2014,"9,785,488.00",1
Lotto 6/42,39-07-20-27-42-10,5/15/2014,"6,000,000.00",0
Lotto 6/42,02-34-28-21-14-27,5/17/2014,"6,000,000.00",0
Lotto 6/42,19-34-26-14-20-18,5/20/2014,"6,983,492.00",0
Lotto 6/42,16-14-20-17-12-06,5/22/2014,"9,234,376.00",0
Lotto 6/42,38-41-11-31-18-05,5/24/2014,"11,899,416.00",0
Lotto 6/42,13-42-21-38-40-17,5/27/2014,"14,844,328.00",0
Lotto 6/42,10-05-12-30-04-31,5/29/2014,"17,791,496.00",1
Lotto 6/42,14-18-02-39-30-27,5/31/2014,"6,000,000.00",0
Lotto 6/42,23-28-09-04-05-17,6/3/2014,"6,000,000.00",0
Lotto 6/42,35-14-22-23-08-04,6/5/2014,"7,424,764.00",1
Lotto 6/42,31-17-30-38-33-26,6/7/2014,"6,000,000.00",0
Lotto 6/42,39-41-28-10-15-25,6/10/2014,"6,000,000.00",0
Lotto 6/42,04-33-17-27-41-23,6/12/2014,"7,149,192.00",1
Lotto 6/42,05-15-11-08-37-01,6/14/2014,"6,000,000.00",0
Lotto 6/42,33-38-24-14-27-18,6/17/2014,"6,000,000.00",0
Lotto 6/42,33-30-32-35-05-06,6/19/2014,"7,191,212.00",0
Lotto 6/42,21-38-14-12-17-26,6/21/2014,"9,792,164.00",0
Lotto 6/42,26-04-23-05-36-29,6/24/2014,"12,369,516.00",0
Lotto 6/42,30-16-18-31-13-27,6/26/2014,"14,851,748.00",0
Lotto 6/42,27-01-29-04-06-18,6/28/2014,"17,962,256.00",1
Lotto 6/42,39-22-30-06-32-37,7/1/2014,"6,000,000.00",0
Lotto 6/42,40-30-06-04-02-22,7/3/2014,"6,000,000.00",0
Lotto 6/42,39-21-11-27-08-37,7/5/2014,"7,334,364.00",0
Lotto 6/42,17-26-38-15-04-37,7/8/2014,"9,844,376.00",0
Lotto 6/42,26-33-20-31-18-23,7/10/2014,"12,259,052.00",0
Lotto 6/42,23-39-34-03-38-32,7/12/2014,"15,196,276.00",0
Lotto 6/42,19-01-17-31-12-07,7/15/2014,"17,790,228.00",1
Lotto 6/42,31-36-02-04-21-34,7/17/2014,"6,000,000.00",0
Lotto 6/42,26-35-29-03-15-42,7/19/2014,"6,000,000.00",0
Lotto 6/42,31-23-40-18-21-04,7/22/2014,"6,313,604.00",1
Lotto 6/42,37-16-05-24-03-15,7/24/2014,"6,000,000.00",0
Lotto 6/42,26-38-33-41-06-11,7/26/2014,"6,000,000.00",0
Lotto 6/42,36-40-04-28-10-33,7/29/2014,"6,718,960.00",0
Lotto 6/42,09-17-35-23-29-22,7/31/2014,"9,040,272.00",0
Lotto 6/42,09-19-31-36-05-21,8/2/2014,"11,642,792.00",1
Lotto 6/42,24-03-39-18-13-36,8/5/2014,"6,000,000.00",0
Lotto 6/42,21-22-03-26-31-38,8/7/2014,"6,000,000.00",0
Lotto 6/42,16-38-31-17-37-41,8/9/2014,"6,827,272.00",0
Lotto 6/42,33-31-05-11-40-20,8/12/2014,"9,163,900.00",0
Lotto 6/42,34-32-27-29-20-05,8/14/2014,"11,551,068.00",0
Lotto 6/42,40-22-08-26-19-38,8/16/2014,"14,057,868.00",0
Lotto 6/42,28-02-01-40-17-32,8/19/2014,"16,988,484.00",0
Lotto 6/42,38-32-27-34-35-12,8/21/2014,"19,795,020.00",0
Lotto 6/42,16-28-13-15-09-08,8/23/2014,"22,760,804.00",1
Lotto 6/42,34-28-07-24-01-42,8/26/2014,"6,000,000.00",0
Lotto 6/42,42-07-35-24-38-30,8/28/2014,"6,000,000.00",0
Lotto 6/42,10-12-28-05-17-09,8/30/2014,"6,930,360.00",2
Lotto 6/42,22-29-04-40-28-08,9/2/2014,"6,000,000.00",0
Lotto 6/42,01-29-04-41-28-24,9/4/2014,"6,000,000.00",0
Lotto 6/42,27-42-40-39-21-15,9/6/2014,"6,953,008.00",0
Lotto 6/42,36-20-01-24-13-12,9/9/2014,"9,243,876.00",0
Lotto 6/42,19-39-30-25-22-20,9/11/2014,"11,583,124.00",0
Lotto 6/42,29-41-07-22-16-28,9/13/2014,"14,278,904.00",0
Lotto 6/42,18-20-26-35-03-22,9/16/2014,"17,061,660.00",0
Lotto 6/42,41-35-02-19-37-04,9/18/2014,"19,748,568.00",0
Lotto 6/42,29-24-01-02-08-20,9/20/2014,"22,946,228.00",1
Lotto 6/42,07-08-42-20-26-36,9/23/2014,"6,000,000.00",0
Lotto 6/42,40-37-10-01-21-12,9/25/2014,"6,000,000.00",0
Lotto 6/42,39-41-01-31-38-25,9/27/2014,"7,556,444.00",0
Lotto 6/42,25-15-42-01-20-30,9/30/2014,"10,003,140.00",0
Lotto 6/42,40-09-36-31-21-41,10/2/2014,"12,391,600.00",1
Lotto 6/42,35-11-32-10-01-34,10/4/2014,"6,000,000.00",0
Lotto 6/42,16-14-24-35-19-25,10/7/2014,"6,000,000.00",0
Lotto 6/42,07-06-26-17-01-11,10/9/2014,"7,559,576.00",1
Lotto 6/42,34-12-04-15-33-35,10/11/2014,"6,000,000.00",0
Lotto 6/42,37-02-34-12-19-07,10/14/2014,"6,000,000.00",0
Lotto 6/42,02-35-19-12-39-04,10/16/2014,"7,806,580.00",0
Lotto 6/42,10-03-42-38-20-15,10/18/2014,"10,671,864.00",0
Lotto 6/42,13-30-28-09-42-05,10/21/2014,"13,578,400.00",0
Lotto 6/42,41-23-17-14-02-04,10/23/2014,"16,355,828.00",0
Lotto 6/42,40-07-14-37-05-06,10/25/2014,"19,681,128.00",0
Lotto 6/42,11-32-19-26-14-10,10/28/2014,"22,731,808.00",0
Lotto 6/42,32-28-14-12-40-27,10/30/2014,"25,728,528.00",0
Lotto 6/42,11-08-37-30-09-21,11/1/2014,"28,243,384.00",0
Lotto 6/42,37-35-1-2-39-4,11/4/2014,"32,399,416.00",0
Lotto 6/42,27-42-40-34-07-33,11/6/2014,"36,632,648.00",0
Lotto 6/42,19-22-25-27-38-05,11/8/2014,"41,097,540.00",0
Lotto 6/42,21-02-09-15-30-20,11/11/2014,"46,288,040.00",1
Lotto 6/42,13-20-41-40-23-35,11/13/2014,"6,000,000.00",0
Lotto 6/42,13-10-31-14-20-23,11/15/2014,"6,000,000.00",0
Lotto 6/42,23-20-34-19-29-26,11/18/2014,"8,390,804.00",0
Lotto 6/42,37-02-17-03-07-09,11/20/2014,"11,014,968.00",0
Lotto 6/42,21-37-36-02-30-24,11/22/2014,"13,949,300.00",0
Lotto 6/42,03-41-02-33-07-38,11/25/2014,"16,882,196.00",0
Lotto 6/42,29-34-14-30-19-23,11/27/2014,"19,531,284.00",1
Lotto 6/42,09-36-14-38-21-33,11/29/2014,"6,000,000.00",0
Lotto 6/42,09-10-15-27-18-20,12/2/2014,"6,000,000.00",0
Lotto 6/42,28-09-30-34-40-41,12/4/2014,"7,735,692.00",0
Lotto 6/42,17-34-41-35-42-10,12/6/2014,"10,530,880.00",0
Lotto 6/42,02-39-33-16-35-25,12/9/2014,"13,109,764.00",0
Lotto 6/42,34-26-31-02-20-16,12/11/2014,"15,786,524.00",0
Lotto 6/42,20-02-07-42-31-01,12/13/2014,"19,058,516.00",0
Lotto 6/42,39-38-07-35-02-37,12/16/2014,"22,163,076.00",0
Lotto 6/42,07-35-15-12-06-28,12/18/2014,"25,255,560.00",0
Lotto 6/42,10-12-29-23-35-41,12/20/2014,"28,966,260.00",0
Lotto 6/42,11-04-09-29-37-24,12/23/2014,"32,685,212.00",1
Lotto 6/42,10-25-33-41-40-18,12/27/2014,"6,000,000.00",0
Lotto 6/42,36-27-13-01-10-03,12/30/2014,"6,000,000.00",0
Lotto 6/42,28-39-29-06-32-41,1/3/2015,"8,430,572.00",0
Lotto 6/42,15-37-36-11-10-24,1/6/2015,"11,253,368.00",0
Lotto 6/42,36-30-04-35-41-19,1/8/2015,"14,014,384.00",0
Lotto 6/42,23-06-05-26-40-39,1/10/2015,"17,141,796.00",0
Lotto 6/42,34-24-29-30-09-25,1/13/2015,"21,033,132.00",0
Lotto 6/42,41-15-27-04-01-07,1/15/2015,"24,753,784.00",0
Lotto 6/42,36-06-33-42-39-01,1/17/2015,"28,211,988.00",0
Lotto 6/42,15-40-24-37-33-30,1/20/2015,"32,497,468.00",0
Lotto 6/42,25-02-36-29-03-23,1/22/2015,"36,869,472.00",0
Lotto 6/42,03-23-20-22-34-19,1/24/2015,"40,864,220.00",0
Lotto 6/42,08-07-09-20-02-41,1/27/2015,"45,839,564.00",0
Lotto 6/42,9-19-14-41-21-11,1/29/2015,"50,701,476.00",0
Lotto 6/42,24-39-25-06-38-23,1/31/2015,"55,377,452.00",0
Lotto 6/42,38-22-26-13-05-11,2/3/2015,"61,315,696.00",1
Lotto 6/42,26-21-13-33-09-27,2/5/2015,"6,000,000.00",0
Lotto 6/42,17-19-29-12-41-26,2/7/2015,"6,000,000.00",0
Lotto 6/42,36-30-05-06-24-15,2/10/2015,"8,397,304.00",0
Lotto 6/42,21-12-19-18-22-42,2/12/2015,"10,930,692.00",0
Lotto 6/42,17-29-10-20-19-05,2/14/2015,"13,925,168.00",0
Lotto 6/42,15-22-05-37-40-31,2/17/2015,"16,915,972.00",0
Lotto 6/42,09-15-23-13-42-25,2/19/2015,"20,133,564.00",0
Lotto 6/42,27-13-10-26-02-41,2/21/2015,"23,683,644.00",1
Lotto 6/42,30-21-42-04-06-15,2/24/2015,"6,000,000.00",0
Lotto 6/42,31-15-07-09-40-21,2/26/2015,"6,000,000.00",0
Lotto 6/42,06-22-19-04-39-11,2/28/2015,"8,023,872.00",0
Lotto 6/42,07-25-12-27-42-33,3/3/2015,"10,771,356.00",0
Lotto 6/42,12-21-16-10-15-26,3/5/2015,"13,528,000.00",1
Lotto 6/42,31-01-32-42-05-17,3/7/2015,"6,000,000.00",0
Lotto 6/42,36-24-17-34-37-39,3/10/2015,"6,000,000.00",0
Lotto 6/42,01-12-40-23-25-13,3/12/2015,"7,628,104.00",0
Lotto 6/42,06-17-28-04-22-10,3/14/2015,"10,410,892.00",1
Lotto 6/42,01-20-42-39-15-16,3/19/2015,"6,000,000.00",0
Lotto 6/42,27-38-14-34-12-41,3/21/2015,"7,350,684.00",0
Lotto 6/42,34-25-38-35-19-13,3/26/2015,"12,248,148.00",0
Lotto 6/42,19-10-05-37-16-03,3/28/2015,"15,186,664.00",1
Lotto 6/42,38-37-13-12-28-21,3/31/2015,"6,000,000.00",0
Lotto 6/42,32-27-36-40-11-08,4/7/2015,"6,000,000.00",0
Lotto 6/42,31-28-41-39-34-18,4/9/2015,"7,096,816.00",0
Lotto 6/42,18-35-33-32-08-11,4/11/2015,"9,664,432.00",0
Lotto 6/42,10-25-42-30-40-15,4/14/2015,"12,151,496.00",0
Lotto 6/42,13-25-17-12-26-33,4/16/2015,"14,610,116.00",0
Lotto 6/42,40-11-19-10-38-12,3/17/2015,"6,000,000.00",0
Lotto 6/42,17-15-39-32-26-16,3/24/2015,"9,873,304.00",0
Lotto 6/42,29-05-28-01-24-08,4/18/2015,"17,521,252.00",0
Lotto 6/42,15-39-42-12-02-17,4/21/2015,"20,970,132.00",0
Lotto 6/42,28-42-39-36-35-26,4/23/2015,"24,500,256.00",0
Lotto 6/42,06-22-23-13-41-02,4/25/2015,"27,774,428.00",0
Lotto 6/42,16-35-08-40-11-38,4/28/2015,"31,668,444.00",0
Lotto 6/42,34-23-04-28-25-11,4/30/2015,"35,577,764.00",0
Lotto 6/42,12-42-16-04-11-08,5/2/2015,"39,234,752.00",1
Lotto 6/42,39-27-40-16-26-21,5/5/2015,"6,000,000.00",0
Lotto 6/42,26-22-07-02-24-37,5/7/2015,"6,000,000.00",0
Lotto 6/42,30-19-01-03-06-15,5/9/2015,"7,567,152.00",0
Lotto 6/42,26-17-41-08-04-32,5/12/2015,"10,166,060.00",0
Lotto 6/42,02-16-33-08-21-26,5/14/2015,"12,800,940.00",0
Lotto 6/42,16-31-17-10-02-42,5/16/2015,"15,595,508.00",0
Lotto 6/42,22-02-13-04-38-06,5/19/2015,"18,498,360.00",0
Lotto 6/42,29-04-08-10-14-33,5/21/2015,"21,304,276.00",0
Lotto 6/42,29-27-33-32-41-36,5/23/2015,"24,370,216.00",0
Lotto 6/42,13-33-26-14-18-42,5/26/2015,"27,557,412.00",0
Lotto 6/42,02-21-27-40-31-14,5/28/2015,"30,669,820.00",0
Lotto 6/42,20-02-10-15-25-39,5/30/2015,"34,043,564.00",0
Lotto 6/42,16-29-20-12-03-01,6/2/2015,"37,603,916.00",0
Lotto 6/42,12-05-41-19-31-38,6/4/2015,"41,036,884.00",0
Lotto 6/42,26-38-42-14-10-31,6/6/2015,"44,826,544.00",0
Lotto 6/42,29-34-07-19-20-32,6/9/2015,"48,737,380.00",0
Lotto 6/42,06-08-20-13-32-05,6/11/2015,"52,664,324.00",0
Lotto 6/42,40-42-10-30-28-02,6/13/2015,"56,780,380.00",0
Lotto 6/42,10-17-39-04-22-01,6/16/2015,"61,312,364.00",0
Lotto 6/42,02-16-07-29-11-15,6/18/2015,"65,418,012.00",0
Lotto 6/42,30-36-34-35-38-19,6/20/2015,"70,151,600.00",0
Lotto 6/42,12-27-18-09-37-01,6/23/2015,"75,453,028.00",0
Lotto 6/42,19-05-42-17-22-14,6/25/2015,"80,646,432.00",1
Lotto 6/42,24-36-05-29-06-13,6/27/2015,"6,000,000.00",0
Lotto 6/42,34-16-20-15-07-28,6/30/2015,"6,000,000.00",0
Lotto 6/42,42-34-25-35-09-37,7/2/2015,"8,298,876.00",0
Lotto 6/42,26-39-33-12-41-32,7/4/2015,"11,118,860.00",0
Lotto 6/42,07-41-37-16-18-28,7/7/2015,"13,967,652.00",0
Lotto 6/42,30-03-26-34-37-22,7/9/2015,"16,726,396.00",0
Lotto 6/42,22-11-27-28-21-39,7/11/2015,"19,865,360.00",0
Lotto 6/42,05-40-19-13-29-21,7/14/2015,"23,436,780.00",0
Lotto 6/42,15-25-03-26-02-08,7/16/2015,"26,913,968.00",0
Lotto 6/42,15-10-07-23-40-18,7/18/2015,"30,334,400.00",0
Lotto 6/42,10-26-29-15-02-18,7/21/2015,"34,201,832.00",0
Lotto 6/42,37-18-09-27-29-32,7/23/2015,"37,995,536.00",1
Lotto 6/42,35-13-09-22-14-29,7/25/2015,"6,000,000.00",0
Lotto 6/42,10-33-12-09-14-18,7/28/2015,"6,000,000.00",0
Lotto 6/42,37-06-33-28-32-42,7/30/2015,"7,238,492.00",0
Lotto 6/42,07-14-25-31-27-19,8/1/2015,"9,811,536.00",0
Lotto 6/42,23-25-37-20-21-34,8/4/2015,"12,367,116.00",0
Lotto 6/42,01-40-05-12-17-15,8/6/2015,"14,788,164.00",0
Lotto 6/42,12-36-34-04-25-05,8/8/2015,"17,690,280.00",0
Lotto 6/42,28-39-22-15-24-27,8/11/2015,"20,469,408.00",0
Lotto 6/42,42-22-32-27-31-11,8/13/2015,"23,153,328.00",0
Lotto 6/42,25-36-31-08-27-10,8/15/2015,"26,390,468.00",0
Lotto 6/42,08-22-32-40-13-07,8/18/2015,"29,327,836.00",0
Lotto 6/42,30-24-38-35-19-09,8/20/2015,"32,099,708.00",0
Lotto 6/42,10-24-28-21-33-07,8/22/2015,"35,426,292.00",0
Lotto 6/42,41-15-12-38-09-19,8/25/2015,"38,706,632.00",0
Lotto 6/42,29-13-10-16-11-02,8/27/2015,"41,896,212.00",0
Lotto 6/42,12-04-20-31-19-25,8/29/2015,"45,743,840.00",0
Lotto 6/42,27-23-08-09-22-30,9/1/2015,"50,097,044.00",0
Lotto 6/42,16-27-20-23-22-18,9/3/2015,"54,685,976.00",0
Lotto 6/42,16-28-30-07-26-39,9/5/2015,"59,146,692.00",1
Lotto 6/42,37-40-33-11-28-16,9/8/2015,"6,000,000.00",0
Lotto 6/42,11-06-41-42-09-39,9/12/2015,"7,358,032.00",0
Lotto 6/42,39-05-26-03-20-42,9/15/2015,"9,941,340.00",0
Lotto 6/42,27-38-39-03-34-28,9/17/2015,"12,466,404.00",0
Lotto 6/42,15-22-28-36-24-38,9/19/2015,"15,193,332.00",0
Lotto 6/42,24-15-34-04-38-35,9/22/2015,"18,084,208.00",0
Lotto 6/42,29-15-08-40-10-36,9/24/2015,"20,813,424.00",0
Lotto 6/42,41-21-36-11-38-39,9/26/2015,"23,781,636.00",0
Lotto 6/42,30-19-21-09-13-01,9/29/2015,"26,817,128.00",0
Lotto 6/42,07-15-10-37-19-22,10/1/2015,"29,694,080.00",0
Lotto 6/42,26-35-11-42-20-29,10/3/2015,"33,067,952.00",0
Lotto 6/42,23-34-13-14-39-32,10/6/2015,"36,430,692.00",0
Lotto 6/42,17-36-32-02-21-38,10/8/2015,"39,652,500.00",0
Lotto 6/42,18-01-41-15-40-16,10/10/2015,"43,424,584.00",1
Lotto 6/42,12-13-09-39-36-14,10/13/2015,"6,000,000.00",0
Lotto 6/42,33-24-17-30-26-21,10/15/2015,"6,000,000.00",1
Lotto 6/42,33-17-34-28-24-15,10/17/2015,"6,000,000.00",0
Lotto 6/42,14-18-19-24-32-01,10/20/2015,"6,000,000.00",0
Lotto 6/42,41-23-24-01-13-36,10/22/2015,"6,524,972.00",0
Lotto 6/42,40-22-14-37-23-03,10/24/2015,"8,864,744.00",0
Lotto 6/42,34-13-24-08-40-12,10/27/2015,"11,181,596.00",0
Lotto 6/42,40-09-12-31-03-33,10/29/2015,"13,447,044.00",0
Lotto 6/42,21-08-06-15-27-30,10/31/2015,"16,165,344.00",0
Lotto 6/42,25-27-02-20-29-36,11/3/2015,"18,728,696.00",0
Lotto 6/42,18-30-13-38-39-32,11/5/2015,"21,250,840.00",0
Lotto 6/42,01-06-04-24-11-17,11/7/2015,"24,390,084.00",0
Lotto 6/42,10-28-23-21-14-03,11/10/2015,"27,144,596.00",0
Lotto 6/42,33-30-42-17-32-15,11/12/2015,"29,884,196.00",0
Lotto 6/42,19-21-02-31-15-14,11/14/2015,"33,400,228.00",1
Lotto 6/42,30-20-23-16-40-14,11/17/2015,"6,000,000.00",0
Lotto 6/42,07-19-03-37-25-12,11/19/2015,"6,000,000.00",0
Lotto 6/42,32-06-36-16-12-04,11/21/2015,"6,905,240.00",1
Lotto 6/42,10-31-32-01-30-37,11/24/2015,"6,000,000.00",0
Lotto 6/42,21-36-20-12-13-41,11/26/2015,"6,000,000.00",0
Lotto 6/42,39-19-21-15-07-22,11/28/2015,"6,745,664.00",1
Lotto 6/42,12-17-31-33-07-35,12/1/2015,"6,000,000.00",0
Lotto 6/42,18-34-41-26-01-19,12/3/2015,"6,000,000.00",0
Lotto 6/42,42-40-22-28-05-30,12/5/2015,"6,841,268.00",2
Lotto 6/42,26-31-33-22-40-25,12/8/2015,"6,000,000.00",0
Lotto 6/42,39-09-37-12-42-11,9/10/2015,"6,000,000.00",0
Lotto 6/42,23-25-39-33-35-20,12/10/2015,"6,000,000.00",0
Lotto 6/42,20-11-12-04-32-01,12/12/2015,"6,927,068.00",0
Lotto 6/42,19-14-40-21-22-20,12/15/2015,"9,211,552.00",1
Lotto 6/42,23-13-27-25-32-26,12/17/2015,"6,000,000.00",0
Lotto 6/42,25-04-28-42-38-31,12/19/2015,"6,000,000.00",0
Lotto 6/42,32-27-37-18-36-24,12/22/2015,"7,347,152.00",0
Lotto 6/42,11-13-15-36-39-37,12/24/2015,"8,876,848.00",0
Lotto 6/42,11-05-34-08-37-28,12/26/2015,"11,439,124.00",0
Lotto 6/42,31-12-14-03-42-04,12/29/2015,"14,509,944.00",0
Lotto 6/42,20-42-32-01-40-38,12/31/2015,"16,427,208.00",0
Lotto 6/42,16-04-31-25-07-13,1/2/2016,"19,075,584.00",0
Lotto 6/42,40-03-02-11-14-28,1/5/2016,"22,290,288.00",0
Lotto 6/42,18-03-29-32-04-42,1/7/2016,"25,402,072.00",0
Lotto 6/42,07-21-31-26-03-12,1/9/2016,"28,686,296.00",0
Lotto 6/42,08-39-32-03-41-21,1/12/2016,"32,010,460.00",0
Lotto 6/42,15-36-25-06-42-34,1/14/2016,"35,279,016.00",0
Lotto 6/42,09-41-26-24-17-25,1/16/2016,"38,847,636.00",0
Lotto 6/42,27-19-34-40-16-22,1/19/2016,"42,437,956.00",0
Lotto 6/42,29-42-35-25-16-10,1/21/2016,"45,881,968.00",0
Lotto 6/42,29-04-19-25-35-12,1/23/2016,"49,562,348.00",1
Lotto 6/42,40-41-31-16-34-22,1/26/2016,"6,000,000.00",0
Lotto 6/42,38-13-25-01-03-04,1/28/2016,"6,000,000.00",0
Lotto 6/42,15-10-19-28-07-26,1/30/2016,"7,150,756.00",1
Lotto 6/42,33-19-28-17-39-40,2/2/2016,"6,000,000.00",0
Lotto 6/42,39-35-32-09-13-37,2/4/2016,"6,000,000.00",0
Lotto 6/42,14-35-37-09-21-17,2/6/2016,"7,088,836.00",1
Lotto 6/42,07-13-05-04-33-12,2/9/2016,"6,000,000.00",0
Lotto 6/42,42-39-23-07-02-22,2/11/2016,"6,000,000.00",0
Lotto 6/42,30-25-15-02-16-35,2/13/2016,"7,063,512.00",0
Lotto 6/42,38-19-31-01-28-40,2/16/2016,"9,550,284.00",0
Lotto 6/42,12-01-39-06-17-32,2/18/2016,"12,281,784.00",0
Lotto 6/42,23-40-01-42-18-25,2/20/2016,"15,293,772.00",1
Lotto 6/42,32-04-11-08-31-26,2/23/2016,"6,000,000.00",0
Lotto 6/42,34-21-16-05-14-11,2/25/2016,"6,000,000.00",0
Lotto 6/42,03-06-14-37-21-23,2/27/2016,"7,639,400.00",0
Lotto 6/42,05-07-37-04-19-13,3/1/2016,"10,362,860.00",0
Lotto 6/42,19-02-31-42-21-08,3/3/2016,"13,078,736.00",2
Lotto 6/42,10-22-17-06-28-05,3/5/2016,"6,000,000.00",0
Lotto 6/42,21-27-09-31-26-30,3/8/2016,"6,000,000.00",0
Lotto 6/42,34-27-07-15-24-19,3/10/2016,"7,405,284.00",0
Lotto 6/42,20-06-27-38-22-04,3/12/2016,"10,017,740.00",1
Lotto 6/42,30-20-15-01-41-40,3/15/2016,"6,000,000.00",0
Lotto 6/42,13-23-38-10-34-36,3/17/2016,"6,000,000.00",0
Lotto 6/42,03-26-31-36-39-30,3/19/2016,"7,170,456.00",0
Lotto 6/42,08-19-13-24-25-35,3/22/2016,"9,491,792.00",0
Lotto 6/42,18-32-01-10-16-02,3/29/2016,"11,947,876.00",0
Lotto 6/42,05-27-07-14-35-17,3/31/2016,"14,349,076.00",0
Lotto 6/42,26-01-11-14-42-02,4/2/2016,"17,236,732.00",0
Lotto 6/42,12-37-34-11-21-24,4/5/2016,"19,938,084.00",0
Lotto 6/42,23-15-04-07-06-36,4/7/2016,"22,612,748.00",1
Lotto 6/42,38-12-05-35-07-36,4/9/2016,"6,000,000.00",0
Lotto 6/42,06-21-34-32-29-36,4/12/2016,"6,000,000.00",0
Lotto 6/42,11-21-38-06-15-26,4/14/2016,"6,730,996.00",0
Lotto 6/42,14-23-15-33-19-12,4/16/2016,"9,151,816.00",0
Lotto 6/42,34-32-09-27-05-21,4/19/2016,"11,695,508.00",0
Lotto 6/42,18-37-13-15-22-36,4/21/2016,"14,237,332.00",0
Lotto 6/42,18-05-07-29-01-41,4/23/2016,"16,932,420.00",0
Lotto 6/42,30-40-11-33-25-39,4/26/2016,"19,936,120.00",0
Lotto 6/42,18-07-08-17-32-16,4/28/2016,"22,963,588.00",0
Lotto 6/42,28-11-01-02-17-09,4/30/2016,"25,983,400.00",0
Lotto 6/42,18-24-09-13-22-17,5/3/2016,"29,500,200.00",0
Lotto 6/42,38-24-40-20-39-13,5/5/2016,"32,992,728.00",1
Lotto 6/42,08-23-38-04-21-14,5/7/2016,"6,000,000.00",1
Lotto 6/42,13-06-24-17-30-28,5/10/2016,"6,000,000.00",0
Lotto 6/42,06-29-13-09-35-18,5/12/2016,"6,000,000.00",0
Lotto 6/42,28-31-41-11-29-42,5/14/2016,"6,712,272.00",0
Lotto 6/42,05-35-23-12-13-38,5/17/2016,"9,003,448.00",0
Lotto 6/42,08-15-02-09-10-20,5/19/2016,"11,287,228.00",0
Lotto 6/42,37-10-31-05-17-02,5/21/2016,"13,896,880.00",0
Lotto 6/42,42-01-26-14-06-36,5/24/2016,"16,521,664.00",0
Lotto 6/42,18-23-15-12-31-29,5/26/2016,"19,041,752.00",0
Lotto 6/42,12-19-32-15-25-02,5/28/2016,"21,875,256.00",0
Lotto 6/42,19-37-09-07-23-02,5/31/2016,"24,710,648.00",1
Lotto 6/42,41-07-22-08-16-26,6/2/2016,"6,000,000.00",0
Lotto 6/42,16-01-06-11-32-09,6/4/2016,"6,000,000.00",0
Lotto 6/42,06-29-04-05-20-40,6/7/2016,"7,029,732.00",0
Lotto 6/42,18-34-14-37-12-28,6/9/2016,"9,235,912.00",0
Lotto 6/42,34-32-13-41-35-18,6/11/2016,"11,712,148.00",0
Lotto 6/42,29-01-27-16-28-11,6/14/2016,"14,151,892.00",0
Lotto 6/42,42-19-34-30-03-31,6/16/2016,"16,665,096.00",0
Lotto 6/42,38-30-03-10-08-36,6/18/2016,"19,466,160.00",0
Lotto 6/42,40-37-30-23-18-15,6/21/2016,"22,872,624.00",0
Lotto 6/42,35-37-32-17-34-16,6/23/2016,"26,209,880.00",0
Lotto 6/42,34-24-08-35-36-10,6/25/2016,"29,248,056.00",0
Lotto 6/42,22-28-42-35-02-03,6/28/2016,"32,955,688.00",0
Lotto 6/42,34-02-14-20-40-39,6/30/2016,"36,684,680.00",0
Lotto 6/42,42-24-25-05-38-23,7/2/2016,"40,044,056.00",0
Lotto 6/42,04-09-06-18-30-39,7/5/2016,"44,055,716.00",0
Lotto 6/42,06-31-02-36-03-17,7/7/2016,"48,053,684.00",0
Lotto 6/42,23-26-35-38-07-20,7/9/2016,"51,732,808.00",0
Lotto 6/42,18-12-35-07-29-13,7/12/2016,"56,447,780.00",0
Lotto 6/42,04-25-11-10-05-08,7/14/2016,"61,117,680.00",0
Lotto 6/42,10-40-14-22-13-34,7/16/2016,"65,548,508.00",0
Lotto 6/42,31-33-05-09-06-36,7/19/2016,"70,789,332.00",0
Lotto 6/42,02-04-39-18-12-37,7/21/2016,"75,965,644.00",0
Lotto 6/42,19-10-11-34-02-26,7/23/2016,"80,684,932.00",0
Lotto 6/42,31-26-23-15-36-33,7/26/2016,"86,367,392.00",0
Lotto 6/42,36-42-24-04-15-12,7/28/2016,"92,078,724.00",0
Lotto 6/42,16-33-21-39-40-20,7/30/2016,"97,587,600.00",0
Lotto 6/42,35-17-39-18-06-22,8/2/2016,"104,799,728.00",0
Lotto 6/42,33-35-13-27-05-12,8/4/2016,"111,998,556.00",1
Lotto 6/42,31-01-10-34-12-11,8/6/2016,"6,000,000.00",0
Lotto 6/42,15-37-12-02-40-14,8/9/2016,"6,000,000.00",0
Lotto 6/42,08-23-28-27-07-09,8/11/2016,"7,983,104.00",0
Lotto 6/42,28-26-14-03-15-05,8/13/2016,"10,611,424.00",0
Lotto 6/42,34-18-35-41-21-33,8/16/2016,"13,203,928.00",0
Lotto 6/42,40-03-37-19-14-01,8/18/2016,"16,209,776.00",0
Lotto 6/42,31-01-32-06-12-07,8/20/2016,"19,115,448.00",0
Lotto 6/42,33-34-02-30-37-20,8/23/2016,"22,617,156.00",1
Lotto 6/42,40-39-11-16-32-35,8/25/2016,"6,000,000.00",0
Lotto 6/42,37-20-03-41-13-17,8/27/2016,"6,000,000.00",0
Lotto 6/42,19-08-15-26-32-36,8/30/2016,"7,656,700.00",0
Lotto 6/42,13-23-29-30-17-34,9/1/2016,"10,169,960.00",0
Lotto 6/42,17-06-13-21-22-16,9/3/2016,"12,946,356.00",0
Lotto 6/42,41-40-04-17-19-25,9/6/2016,"15,776,364.00",0
Lotto 6/42,22-04-02-26-31-20,9/8/2016,"18,515,892.00",0
Lotto 6/42,08-23-35-25-33-34,9/10/2016,"21,574,832.00",0
Lotto 6/42,38-17-34-37-09-16,9/13/2016,"24,683,652.00",0
Lotto 6/42,33-07-38-02-42-18,9/15/2016,"27,711,864.00",0
Lotto 6/42,10-31-32-19-25-14,9/17/2016,"31,272,756.00",1
Lotto 6/42,14-15-36-10-05-04,9/20/2016,"6,000,000.00",0
Lotto 6/42,40-31-18-15-14-41,9/22/2016,"6,000,000.00",0
Lotto 6/42,16-05-27-07-01-25,9/24/2016,"7,143,620.00",1
Lotto 6/42,39-27-24-30-04-17,9/27/2016,"6,000,000.00",0
Lotto 6/42,36-42-27-40-34-32,9/29/2016,"6,000,000.00",1
Lotto 6/42,02-31-38-03-20-19,10/1/2016,"6,000,000.00",0
Lotto 6/42,01-42-10-22-24-06,10/4/2016,"6,000,000.00",0
Lotto 6/42,20-17-16-24-29-19,10/6/2016,"7,117,256.00",0
Lotto 6/42,38-30-29-22-09-05,10/8/2016,"9,804,548.00",0
Lotto 6/42,21-25-10-13-30-29,10/11/2016,"12,325,644.00",0
Lotto 6/42,06-03-11-30-32-01,10/13/2016,"15,113,756.00",0
Lotto 6/42,31-18-15-02-23-17,10/15/2016,"18,027,980.00",0
Lotto 6/42,16-02-22-35-13-05,10/18/2016,"21,337,260.00",0
Lotto 6/42,34-25-24-18-30-12,10/20/2016,"24,349,680.00",0
Lotto 6/42,09-10-21-31-41-02,10/22/2016,"27,592,968.00",1
Lotto 6/42,40-02-16-38-12-06,10/25/2016,"6,000,000.00",0
Lotto 6/42,07-31-16-06-01-42,10/27/2016,"6,000,000.00",0
Lotto 6/42,32-33-08-14-12-22,10/29/2016,"7,191,900.00",0
Lotto 6/42,14-30-35-02-34-10,11/1/2016,"8,766,804.00",0
Lotto 6/42,15-28-18-01-24-19,11/3/2016,"11,260,500.00",0
Lotto 6/42,39-34-04-35-03-19,11/5/2016,"14,044,936.00",0
Lotto 6/42,33-29-12-38-15-31,11/8/2016,"17,198,076.00",0
Lotto 6/42,36-21-18-30-03-16,11/10/2016,"20,463,992.00",0
Lotto 6/42,15-04-14-05-12-39,11/12/2016,"23,878,924.00",0
Lotto 6/42,25-20-22-16-40-11,11/15/2016,"27,678,928.00",0
Lotto 6/42,35-27-08-36-37-06,11/17/2016,"31,630,072.00",0
Lotto 6/42,15-32-05-20-31-01,11/19/2016,"35,573,008.00",0
Lotto 6/42,05-25-26-33-41-29,11/22/2016,"39,946,724.00",0
Lotto 6/42,06-12-22-05-24-15,11/24/2016,"44,127,524.00",2
Lotto 6/42,40-29-41-25-30-05,11/26/2016,"6,000,000.00",0
Lotto 6/42,11-07-12-36-06-42,11/29/2016,"6,000,000.00",1
Lotto 6/42,23-33-26-32-12-05,12/1/2016,"6,000,000.00",1
Lotto 6/42,02-27-07-39-32-19,12/3/2016,"6,000,000.00",1
Lotto 6/42,42-20-08-21-29-23,12/6/2016,"6,000,000.00",0
Lotto 6/42,36-05-42-32-02-16,12/8/2016,"6,000,000.00",0
Lotto 6/42,28-15-03-20-18-22,12/10/2016,"7,297,692.00",0
Lotto 6/42,41-01-20-28-24-35,12/13/2016,"9,813,180.00",0
Lotto 6/42,12-31-26-40-18-14,12/15/2016,"12,369,120.00",0
Lotto 6/42,25-03-01-37-23-17,12/17/2016,"15,333,848.00",0
Lotto 6/42,39-25-13-09-01-29,12/20/2016,"18,298,908.00",1
Lotto 6/42,40-35-31-36-04-02,12/22/2016,"6,000,000.00",0
Lotto 6/42,01-02-08-28-09-06,12/24/2016,"6,000,000.00",0
Lotto 6/42,40-37-33-14-11-30,12/27/2016,"6,585,276.00",0
Lotto 6/42,04-21-06-13-08-34,12/29/2016,"9,108,240.00",0
Lotto 6/42,29-15-06-24-33-17,12/31/2016,"11,017,216.00",0
Lotto 6/42,15-11-16-17-33-32,1/3/2017,"13,804,416.00",1
Lotto 6/42,32-02-39-06-41-09,1/5/2017,"6,000,000.00",0
Lotto 6/42,12-06-04-17-31-15,1/7/2017,"6,000,000.00",0
Lotto 6/42,13-32-12-29-11-22,1/10/2017,"7,513,104.00",0
Lotto 6/42,07-28-15-17-30-16,1/12/2017,"10,076,160.00",0
Lotto 6/42,14-22-09-18-37-01,1/14/2017,"12,879,656.00",0
Lotto 6/42,27-01-36-15-31-37,1/17/2017,"15,917,604.00",0
Lotto 6/42,40-04-02-31-23-30,1/19/2017,"18,869,208.00",0
Lotto 6/42,01-38-17-28-34-39,1/21/2017,"21,877,988.00",0
Lotto 6/42,08-32-31-29-06-03,1/24/2017,"25,207,964.00",0
Lotto 6/42,09-06-03-39-04-32,1/26/2017,"28,802,704.00",0
Lotto 6/42,17-35-13-08-14-25,1/28/2017,"32,458,224.00",0
Lotto 6/42,36-10-31-29-15-02,1/31/2017,"36,661,564.00",0
Lotto 6/42,15-07-27-37-30-20,2/2/2017,"40,756,660.00",0
Lotto 6/42,10-23-03-04-18-01,2/4/2017,"45,150,100.00",0
Lotto 6/42,40-07-31-12-03-18,2/7/2017,"49,893,836.00",0
Lotto 6/42,08-11-34-25-22-07,2/9/2017,"54,551,092.00",0
Lotto 6/42,08-20-18-15-10-32,2/11/2017,"59,357,984.00",0
Lotto 6/42,40-27-31-24-26-21,2/14/2017,"64,172,392.00",0
Lotto 6/42,37-29-22-30-28-41,2/16/2017,"69,378,772.00",0
Lotto 6/42,17-11-29-10-21-16,2/18/2017,"74,537,248.00",0
Lotto 6/42,23-34-25-08-21-03,2/21/2017,"79,806,976.00",1
Lotto 6/42,04-17-11-05-33-16,2/23/2017,"6,000,000.00",0
Lotto 6/42,27-19-28-35-42-03,2/25/2017,"6,000,000.00",0
Lotto 6/42,29-25-02-37-20-33,2/28/2017,"7,894,572.00",0
Lotto 6/42,08-36-06-22-10-01,3/2/2017,"10,592,616.00",0
Lotto 6/42,25-41-16-37-08-35,3/4/2017,"13,705,172.00",0
Lotto 6/42,22-03-18-34-39-31,3/7/2017,"16,471,380.00",0
Lotto 6/42,07-28-08-10-36-20,3/9/2017,"19,513,016.00",0
Lotto 6/42,03-05-18-16-09-31,3/11/2017,"22,925,660.00",0
Lotto 6/42,20-31-41-14-19-34,3/14/2017,"26,023,528.00",0
Lotto 6/42,17-29-23-28-06-21,3/16/2017,"29,515,572.00",1
Lotto 6/42,21-24-18-40-36-04,3/18/2017,"6,000,000.00",0
Lotto 6/42,03-21-12-07-38-15,3/21/2017,"6,000,000.00",0
Lotto 6/42,04-31-41-20-24-12,3/23/2017,"7,687,916.00",0
Lotto 6/42,08-04-01-14-06-41,3/25/2017,"10,291,784.00",1
Lotto 6/42,25-03-23-33-26-38,3/28/2017,"6,000,000.00",0
Lotto 6/42,13-03-23-18-34-24,3/30/2017,"6,000,000.00",0
Lotto 6/42,08-41-10-38-16-34,4/1/2017,"7,443,476.00",0
Lotto 6/42,08-33-27-31-04-19,4/4/2017,"10,079,788.00",0
Lotto 6/42,26-20-12-32-05-28,4/6/2017,"13,022,784.00",0
Lotto 6/42,16-05-15-08-04-20,4/8/2017,"15,971,504.00",1
Lotto 6/42,32-28-11-12-27-10,4/11/2017,"6,000,000.00",0
Lotto 6/42,14-38-35-07-21-32,4/18/2017,"6,000,000.00",0
Lotto 6/42,26-05-33-07-36-24,4/20/2017,"7,272,936.00",0
Lotto 6/42,41-10-04-20-28-02,4/22/2017,"9,898,988.00",0
Lotto 6/42,37-20-07-28-09-08,4/25/2017,"12,426,020.00",0
Lotto 6/42,10-35-39-23-19-32,4/27/2017,"15,202,136.00",0
Lotto 6/42,23-15-42-40-39-07,4/29/2017,"18,359,020.00",0
Lotto 6/42,33-41-27-06-05-14,5/2/2017,"21,290,696.00",0
Lotto 6/42,34-30-31-15-40-41,5/4/2017,"24,519,100.00",0
Lotto 6/42,18-42-29-13-36-38,5/6/2017,"28,170,692.00",1
Lotto 6/42,02-20-01-38-37-39,5/9/2017,"6,000,000.00",0
Lotto 6/42,15-37-21-17-36-06,5/11/2017,"6,000,000.00",1
Lotto 6/42,19-22-14-20-32-18,5/13/2017,"6,000,000.00",1
Lotto 6/42,05-39-01-31-04-16,5/16/2017,"6,000,000.00",0
Lotto 6/42,12-06-01-25-31-35,5/18/2017,"6,000,000.00",0
Lotto 6/42,38-41-08-22-04-17,5/20/2017,"7,599,580.00",0
Lotto 6/42,16-35-21-01-30-13,5/23/2017,"10,062,716.00",0
Lotto 6/42,24-20-11-12-16-02,5/25/2017,"12,825,736.00",0
Lotto 6/42,15-40-12-18-23-27,5/27/2017,"15,776,816.00",0
Lotto 6/42,05-25-04-02-15-22,5/30/2017,"18,468,612.00",0
Lotto 6/42,09-31-35-30-19-06,6/1/2017,"21,664,680.00",1
Lotto 6/42,28-22-31-40-24-20,6/3/2017,"6,000,000.00",0
Lotto 6/42,05-13-25-01-37-30,6/6/2017,"6,000,000.00",0
Lotto 6/42,03-40-27-35-42-09,6/8/2017,"7,382,344.00",0
Lotto 6/42,23-42-02-06-13-19,6/10/2017,"10,042,912.00",1
Lotto 6/42,13-36-05-06-25-08,6/13/2017,"6,000,000.00",0
Lotto 6/42,07-37-20-02-18-40,6/15/2017,"6,000,000.00",0
Lotto 6/42,33-16-29-18-32-39,6/17/2017,"6,982,052.00",0
Lotto 6/42,14-24-13-12-11-25,6/20/2017,"9,188,924.00",0
Lotto 6/42,13-16-27-12-06-21,6/22/2017,"11,579,648.00",0
Lotto 6/42,13-40-02-41-07-21,6/24/2017,"14,334,428.00",0
Lotto 6/42,10-20-34-35-30-06,6/27/2017,"16,784,672.00",0
Lotto 6/42,04-40-14-38-08-21,6/29/2017,"19,461,548.00",0
Lotto 6/42,11-32-40-31-41-21,7/1/2017,"22,508,500.00",0
Lotto 6/42,34-05-32-36-10-29,7/4/2017,"25,280,804.00",0
Lotto 6/42,05-36-01-04-27-41,7/6/2017,"28,262,908.00",1
Lotto 6/42,10-07-37-33-40-04,7/8/2017,"6,000,000.00",0
Lotto 6/42,23-31-01-08-07-18,7/11/2017,"6,000,000.00",0
Lotto 6/42,36-28-14-17-34-11,7/13/2017,"6,896,840.00",1
Lotto 6/42,19-18-12-42-01-28,7/15/2017,"6,000,000.00",0
Lotto 6/42,31-13-27-36-04-05,7/18/2017,"6,000,000.00",0
Lotto 6/42,29-02-10-09-04-24,7/20/2017,"6,947,328.00",1
Lotto 6/42,37-17-29-21-03-14,7/22/2017,"6,000,000.00",0
Lotto 6/42,25-06-33-38-28-31,7/25/2017,"6,000,000.00",0
Lotto 6/42,34-39-25-15-23-03,7/27/2017,"6,663,120.00",0
Lotto 6/42,02-42-05-13-26-10,7/29/2017,"9,229,132.00",0
Lotto 6/42,42-35-07-29-09-10,8/1/2017,"11,532,264.00",1
Lotto 6/42,30-42-20-24-10-22,8/3/2017,"6,000,000.00",0
Lotto 6/42,12-24-42-35-19-38,8/5/2017,"6,000,000.00",0
Lotto 6/42,30-07-19-01-31-25,8/8/2017,"7,131,988.00",0
Lotto 6/42,28-08-12-18-40-29,8/10/2017,"9,537,240.00",0
Lotto 6/42,17-18-04-30-33-14,8/12/2017,"12,393,356.00",0
Lotto 6/42,10-35-38-15-08-30,8/15/2017,"14,823,428.00",0
Lotto 6/42,32-13-33-37-09-11,8/17/2017,"17,562,840.00",0
Lotto 6/42,35-37-29-16-11-06,8/19/2017,"20,727,800.00",0
Lotto 6/42,17-30-02-42-23-29,8/22/2017,"23,377,040.00",0
Lotto 6/42,13-25-34-36-32-33,8/24/2017,"26,481,476.00",0
Lotto 6/42,24-37-38-41-22-36,8/26/2017,"30,144,020.00",0
Lotto 6/42,05-28-22-01-41-21,8/29/2017,"33,130,604.00",0
Lotto 6/42,27-14-17-02-25-04,8/31/2017,"36,616,084.00",0
Lotto 6/42,32-36-03-04-28-41,9/2/2017,"40,826,576.00",0
Lotto 6/42,42-39-05-29-06-12,9/5/2017,"44,419,960.00",1
Lotto 6/42,42-41-26-30-27-28,9/7/2017,"6,000,000.00",0
Lotto 6/42,10-41-21-11-29-37,9/9/2017,"6,000,000.00",1
Lotto 6/42,19-24-26-38-01-12,9/12/2017,"6,000,000.00",0
Lotto 6/42,12-20-11-16-38-31,9/14/2017,"6,000,000.00",0
Lotto 6/42,38-27-05-22-01-34,9/16/2017,"7,398,040.00",0
Lotto 6/42,24-27-25-06-35-42,9/19/2017,"9,696,960.00",0
Lotto 6/42,07-16-39-05-04-23,9/21/2017,"12,319,884.00",0
Lotto 6/42,22-19-11-21-13-31,9/23/2017,"15,312,292.00",0
Lotto 6/42,23-07-19-24-06-41,9/26/2017,"18,049,196.00",0
Lotto 6/42,20-18-30-08-02-25,9/28/2017,"21,398,828.00",0
Lotto 6/42,09-39-08-36-12-27,9/30/2017,"24,863,752.00",0
Lotto 6/42,31-28-07-12-01-17,10/3/2017,"28,490,288.00",0
Lotto 6/42,09-12-07-21-11-03,10/5/2017,"32,359,000.00",1
Lotto 6/42,40-09-21-30-23-02,10/7/2017,"6,000,000.00",0
Lotto 6/42,08-07-27-19-05-36,10/10/2017,"6,000,000.00",0
Lotto 6/42,33-39-21-16-37-06,10/12/2017,"7,543,144.00",0
Lotto 6/42,01-11-04-13-19-36,10/14/2017,"10,171,332.00",2
Lotto 6/42,24-16-20-28-09-07,10/17/2017,"5,940,000.00",0
Lotto 6/42,11-38-28-32-15-16,10/19/2017,"5,940,000.00",0
Lotto 6/42,34-19-07-31-03-26,10/21/2017,"7,308,533.00",0
Lotto 6/42,07-30-23-01-12-28,10/24/2017,"9,682,208.00",1
Lotto 6/42,13-36-16-30-37-11,10/26/2017,"5,940,000.00",0
Lotto 6/42,22-02-15-11-20-31,10/28/2017,"5,940,000.00",0
Lotto 6/42,20-42-08-14-25-15,10/31/2017,"7,104,985.00",0
Lotto 6/42,18-31-11-19-03-42,11/2/2017,"9,479,092.00",0
Lotto 6/42,10-08-19-25-42-26,11/4/2017,"12,293,266.00",0
Lotto 6/42,33-15-30-36-09-34,11/7/2017,"14,904,185.00",1
Lotto 6/42,27-17-37-07-12-06,11/9/2017,"5,940,000.00",0
Lotto 6/42,23-30-03-06-09-25,11/11/2017,"5,940,000.00",2
Lotto 6/42,28-21-04-23-27-10,11/14/2017,"5,940,000.00",0
Lotto 6/42,08-38-28-42-17-30,11/16/2017,"5,940,000.00",0
Lotto 6/42,02-15-37-20-12-38,11/18/2017,"7,274,936.00",0
Lotto 6/42,32-26-38-07-24-31,11/21/2017,"9,578,837.00",0
Lotto 6/42,34-24-40-01-16-28,11/23/2017,"12,075,058.00",0
Lotto 6/42,01-11-35-22-29-07,11/25/2017,"14,992,766.00",0
Lotto 6/42,01-16-28-39-17-07,11/28/2017,"17,517,706.00",0
Lotto 6/42,27-03-33-31-26-09,11/30/2017,"20,246,526.00",0
Lotto 6/42,27-04-33-30-39-21,12/2/2017,"23,643,062.00",0
Lotto 6/42,30-11-23-15-14-21,12/5/2017,"26,855,390.00",1
Lotto 6/42,21-24-10-37-27-09,12/7/2017,"5,940,000.00",0
Lotto 6/42,25-04-12-27-30-11,12/9/2017,"5,940,000.00",0
Lotto 6/42,40-17-20-18-24-15,12/12/2017,"7,902,953.00",1
Lotto 6/42,14-05-16-28-23-01,12/14/2017,"5,940,000.00",0
Lotto 6/42,08-03-13-22-26-19,12/16/2017,"5,940,000.00",0
Lotto 6/42,17-02-34-28-18-04,12/19/2017,"7,324,428.00",0
Lotto 6/42,03-36-26-39-27-19,12/21/2017,"9,929,364.00",0
Lotto 6/42,31-39-18-16-29-41,12/23/2017,"13,012,450.00",0
Lotto 6/42,39-34-33-14-41-02,12/26/2017,"15,374,463.00",0
Lotto 6/42,38-17-10-30-06-16,12/28/2017,"18,426,082.00",0
Lotto 6/42,41-11-05-10-38-28,12/30/2017,"22,088,168.00",0
Lotto 6/42,17-16-19-29-04-14,1/2/2018,"24,824,813.00",1
Lotto 6/42,26-16-30-19-05-11,1/4/2018,"5,940,000.00",0
Lotto 6/42,40-28-15-13-11-24,1/6/2018,"5,940,000.00",0
Lotto 6/42,07-11-27-28-42-34,1/9/2018,"7,893,045.00",1
Lotto 6/42,01-38-41-24-03-11,1/11/2018,"5,940,000.00",0
Lotto 6/42,02-25-32-12-08-31,1/13/2018,"5,940,000.00",0
Lotto 6/42,04-38-12-08-32-07,1/16/2018,"7,438,457.00",0
Lotto 6/42,01-40-35-37-17-05,1/18/2018,"9,968,299.00",0
Lotto 6/42,06-25-29-30-38-16,1/20/2018,"12,816,247.00",0
Lotto 6/42,05-11-31-42-24-33,1/23/2018,"15,392,948.00",0
Lotto 6/42,24-10-05-02-16-26,1/25/2018,"18,616,103.00",0
Lotto 6/42,07-12-06-30-04-24,1/27/2018,"21,791,029.00",0
Lotto 6/42,02-06-11-20-12-35,1/30/2018,"25,066,080.00",0
Lotto 6/42,13-30-34-06-18-14,2/1/2018,"29,049,008.00",0
Lotto 6/42,22-14-19-03-21-29,2/3/2018,"32,800,352.00",0
Lotto 6/42,29-09-01-04-36-21,2/6/2018,"36,628,789.00",0
Lotto 6/42,07-32-08-30-11-19,2/8/2018,"41,154,966.00",0
Lotto 6/42,30-23-41-06-08-18,2/10/2018,"45,379,007.00",0
Lotto 6/42,19-31-21-22-07-35,2/13/2018,"49,659,101.00",1
Lotto 6/42,24-21-01-39-22-28,2/15/2018,"5,940,000.00",0
Lotto 6/42,22-40-41-33-19-05,2/17/2018,"5,940,000.00",0
Lotto 6/42,40-02-35-21-25-34,2/20/2018,"8,331,793.00",0
Lotto 6/42,18-30-41-27-35-25,2/22/2018,"10,947,436.00",0
Lotto 6/42,12-25-09-34-17-32,2/24/2018,"13,982,931.00",0
Lotto 6/42,19-12-36-26-10-28,2/27/2018,"16,665,447.00",0
Lotto 6/42,14-42-40-07-34-25,3/1/2018,"19,610,051.00",0
Lotto 6/42,35-24-08-30-19-39,3/3/2018,"23,084,523.00",0
Lotto 6/42,05-39-37-30-04-23,3/6/2018,"26,070,597.00",1
Lotto 6/42,38-25-27-14-24-36,3/8/2018,"5,940,000.00",0
Lotto 6/42,26-41-42-03-39-38,3/10/2018,"5,940,000.00",0
Lotto 6/42,41-02-36-32-03-28,3/13/2018,"7,722,606.00",0
Lotto 6/42,27-17-02-37-42-09,3/15/2018,"10,203,847.00",1
Lotto 6/42,24-23-12-31-08-09,3/17/2018,"5,940,000.00",0
Lotto 6/42,34-11-30-26-38-05,3/20/2018,"5,940,000.00",0
Lotto 6/42,42-20-39-06-04-15,3/22/2018,"7,205,379.00",0
Lotto 6/42,17-08-04-21-32-31,3/24/2018,"9,869,227.00",0
Lotto 6/42,38-08-01-05-34-22,3/27/2018,"12,433,949.00",1
Lotto 6/42,27-38-36-29-07-19,4/3/2018,"5,940,000.00",0
Lotto 6/42,08-40-22-20-31-03,4/5/2018,"5,940,000.00",0
Lotto 6/42,36-26-30-11-18-16,4/7/2018,"7,229,978.00",0
Lotto 6/42,31-39-02-25-34-11,4/10/2018,"9,492,326.00",0
Lotto 6/42,33-09-12-32-29-27,4/12/2018,"12,035,229.00",0
Lotto 6/42,18-41-29-10-35-03,4/14/2018,"14,841,578.00",0
Lotto 6/42,06-41-42-04-30-39,4/17/2018,"17,417,300.00",0
Lotto 6/42,31-29-11-14-23-16,4/19/2018,"20,206,095.00",0
Lotto 6/42,04-11-33-14-12-39,4/21/2018,"23,421,607.00",0
Lotto 6/42,03-23-41-12-08-25,4/24/2018,"26,172,092.00",0
Lotto 6/42,32-04-13-22-23-41,4/26/2018,"29,185,264.00",0
Lotto 6/42,37-42-03-22-35-02,4/28/2018,"32,304,512.00",0
Lotto 6/42,31-14-12-17-36-28,5/1/2018,"35,114,651.00",0
Lotto 6/42,23-22-25-26-12-01,5/3/2018,"38,357,000.00",0
Lotto 6/42,15-05-39-24-01-12,5/5/2018,"41,751,734.00",0
Lotto 6/42,04-26-23-38-17-07,5/8/2018,"45,042,129.00",0
Lotto 6/42,03-09-18-37-10-41,5/10/2018,"48,921,540.00",1
Lotto 6/42,15-40-24-25-16-39,5/12/2018,"5,940,000.00",0
Lotto 6/42,42-38-10-13-40-03,5/15/2018,"5,940,000.00",0
Lotto 6/42,18-05-33-14-30-06,5/17/2018,"7,004,765.00",0
Lotto 6/42,16-38-18-08-04-29,5/19/2018,"9,451,202.00",0
Lotto 6/42,11-30-26-33-29-08,5/22/2018,"11,772,839.00",0
Lotto 6/42,30-29-15-02-37-27,5/24/2018,"14,420,602.00",0
Lotto 6/42,16-13-38-34-21-23,5/26/2018,"17,308,376.00",0
Lotto 6/42,14-33-01-13-28-40,5/29/2018,"19,845,521.00",1
Lotto 6/42,31-03-36-15-24-30,5/31/2018,"5,940,000.00",0
Lotto 6/42,23-35-24-25-29-17,6/2/2018,"5,940,000.00",0
Lotto 6/42,26-24-01-17-41-30,6/5/2018,"6,943,916.00",0
Lotto 6/42,11-29-36-33-35-27,6/7/2018,"9,270,020.00",0
Lotto 6/42,21-22-30-37-40-12,6/9/2018,"11,671,427.00",0
Lotto 6/42,36-20-35-30-05-14,6/12/2018,"13,911,366.00",0
Lotto 6/42,03-02-21-10-36-24,6/14/2018,"16,562,542.00",0
Lotto 6/42,08-41-23-38-02-29,6/16/2018,"19,553,914.00",0
Lotto 6/42,30-32-34-24-39-11,6/19/2018,"22,363,847.00",0
Lotto 6/42,30-01-23-39-16-08,6/21/2018,"25,485,111.00",0
Lotto 6/42,08-27-32-20-40-42,6/23/2018,"28,804,106.00",0
Lotto 6/42,27-15-07-39-26-19,6/26/2018,"31,885,774.00",1
Lotto 6/42,30-16-35-01-23-34,6/28/2018,"5,940,000.00",0
Lotto 6/42,06-38-42-39-20-27,6/30/2018,"5,940,000.00",0
Lotto 6/42,21-32-19-13-42-41,7/3/2018,"7,504,509.00",0
Lotto 6/42,04-15-34-27-29-30,7/5/2018,"10,034,668.00",0
Lotto 6/42,36-02-11-07-39-33,7/7/2018,"12,745,288.00",0
Lotto 6/42,16-32-27-40-31-24,7/10/2018,"15,218,205.00",0
Lotto 6/42,39-22-13-30-12-35,7/12/2018,"18,254,444.00",0
Lotto 6/42,08-33-35-26-12-31,7/14/2018,"21,416,964.00",0
Lotto 6/42,31-30-12-37-34-28,7/17/2018,"24,106,611.00",0
Lotto 6/42,41-09-13-36-39-30,7/19/2018,"27,589,764.00",0
Lotto 6/42,31-33-29-17-06-39,7/21/2018,"30,870,489.00",0
Lotto 6/42,34-07-01-04-32-14,7/24/2018,"33,955,630.00",1
Lotto 6/42,08-22-02-35-33-12,7/26/2018,"5,940,000.00",0
Lotto 6/42,28-13-09-33-37-42,7/28/2018,"5,940,000.00",0
Lotto 6/42,38-40-05-23-32-02,7/31/2018,"6,687,993.00",0
Lotto 6/42,14-39-08-36-26-16,8/2/2018,"8,814,671.00",0
Lotto 6/42,40-01-11-28-05-22,8/4/2018,"11,101,211.00",0
Lotto 6/42,19-22-01-32-13-24,8/7/2018,"13,242,688.00",0
Lotto 6/42,02-16-18-41-29-35,8/9/2018,"15,646,337.00",0
Lotto 6/42,27-29-39-37-07-20,8/11/2018,"17,830,368.00",0
Lotto 6/42,36-08-39-26-30-32,8/14/2018,"20,124,819.00",0
Lotto 6/42,23-30-10-36-18-15,8/16/2018,"22,741,821.00",2
Lotto 6/42,34-06-25-38-14-01,8/18/2018,"5,940,000.00",0
Lotto 6/42,16-08-09-20-38-28,8/21/2018,"5,940,000.00",0
Lotto 6/42,15-13-16-01-36-22,8/23/2018,"6,438,172.00",1
Lotto 6/42,26-35-28-22-23-30,8/25/2018,"5,940,000.00",0
Lotto 6/42,22-04-07-13-24-18,8/28/2018,"5,940,000.00",0
Lotto 6/42,09-14-29-38-16-34,8/30/2018,"6,839,027.00",1
Lotto 6/42,36-13-10-06-03-14,9/1/2018,"5,940,000.00",0
Lotto 6/42,15-36-02-30-24-42,9/4/2018,"5,940,000.00",0
Lotto 6/42,37-15-13-01-06-04,9/6/2018,"7,459,619.00",0
Lotto 6/42,13-21-23-26-10-35,9/8/2018,"10,399,883.00",0
Lotto 6/42,17-31-14-02-38-21,9/11/2018,"13,193,719.00",0
Lotto 6/42,30-14-05-35-03-09,9/13/2018,"16,361,271.00",0
Lotto 6/42,17-38-39-37-42-24,9/15/2018,"19,073,835.00",0
Lotto 6/42,05-41-16-07-35-11,9/18/2018,"22,309,033.00",0
Lotto 6/42,15-32-16-07-09-24,9/20/2018,"25,703,869.00",0
Lotto 6/42,11-01-28-34-33-22,9/22/2018,"29,101,344.00",0
Lotto 6/42,19-42-14-08-22-09,9/25/2018,"32,714,804.00",0
Lotto 6/42,20-25-10-17-42-18,9/27/2018,"36,922,993.00",0
Lotto 6/42,37-03-24-09-02-12,9/29/2018,"41,754,431.00",0
Lotto 6/42,21-34-19-22-04-32,10/2/2018,"46,598,259.00",0
Lotto 6/42,26-28-02-29-35-27,10/4/2018,"52,052,082.00",0
Lotto 6/42,31-17-21-11-29-01,10/6/2018,"58,521,550.00",0
Lotto 6/42,33-11-32-29-12-18,10/9/2018,"65,017,023.00",0
Lotto 6/42,20-33-22-07-14-11,10/11/2018,"74,387,638.00",0
Lotto 6/42,06-34-40-10-32-02,10/13/2018,"83,564,210.00",1
Lotto 6/42,14-04-25-10-29-32,10/16/2018,"5,940,000.00",0
Lotto 6/42,39-18-08-16-17-01,10/18/2018,"7,576,391.00",0
Lotto 6/42,39-14-37-02-32-04,10/20/2018,"10,928,187.00",0
Lotto 6/42,20-29-27-31-03-19,10/23/2018,"14,031,991.00",0
Lotto 6/42,35-31-03-41-30-05,10/25/2018,"17,361,135.00",0
Lotto 6/42,03-21-41-05-15-01,10/27/2018,"20,815,737.00",0
Lotto 6/42,31-14-06-08-01-19,10/30/2018,"23,414,708.00",0
Lotto 6/42,39-12-26-30-16-10,11/1/2018,"25,469,275.00",0
Lotto 6/42,19-41-08-07-29-25,11/3/2018,"28,706,100.00",0
Lotto 6/42,19-02-31-10-08-22,11/6/2018,"31,846,491.00",1
Lotto 6/42,10-18-27-37-26-14,11/8/2018,"5,940,000.00",0
Lotto 6/42,12-02-32-28-22-42,11/10/2018,"5,940,000.00",4
Lotto 6/42,38-09-18-25-03-39,11/13/2018,"5,940,000.00",0
Lotto 6/42,18-33-10-38-32-25,11/15/2018,"5,940,000.00",0
Lotto 6/42,41-05-32-29-24-27,11/17/2018,"6,673,024.00",0
Lotto 6/42,20-28-30-23-16-29,11/20/2018,"8,732,244.00",0
Lotto 6/42,16-20-34-01-40-41,11/22/2018,"11,148,941.00",0
Lotto 6/42,25-32-19-29-17-28,11/24/2018,"13,674,981.00",0
Lotto 6/42,06-39-20-10-01-26,11/27/2018,"16,212,549.00",0
Lotto 6/42,19-41-04-13-05-38,11/29/2018,"19,189,361.00",0
Lotto 6/42,15-26-11-23-24-01,12/1/2018,"22,018,008.00",1
Lotto 6/42,23-15-26-32-08-17,12/4/2018,"5,940,000.00",0
Lotto 6/42,24-20-05-41-16-34,12/6/2018,"5,940,000.00",0
Lotto 6/42,08-15-13-29-07-40,12/8/2018,"6,767,233.00",0
Lotto 6/42,27-02-22-13-03-09,12/11/2018,"8,862,381.00",0
Lotto 6/42,38-11-36-08-14-19,12/13/2018,"11,131,335.00",0
Lotto 6/42,41-15-10-18-23-11,12/15/2018,"13,582,559.00",0
Lotto 6/42,40-41-32-29-04-33,12/18/2018,"16,082,887.00",0
Lotto 6/42,31-34-26-27-41-32,12/20/2018,"18,897,437.00",0
Lotto 6/42,22-09-07-08-35-26,12/22/2018,"21,655,177.00",0
Lotto 6/42,09-13-36-02-20-27,12/27/2018,"25,042,284.00",0
Lotto 6/42,36-04-19-12-15-21,12/29/2018,"27,878,860.00",0
Lotto 6/42,39-22-04-16-35-05,1/3/2019,"31,398,207.00",0
Lotto 6/42,12-42-08-23-01-19,1/5/2019,"34,583,013.00",0
Lotto 6/42,17-32-16-27-12-22,1/8/2019,"37,870,562.00",0
Lotto 6/42,30-28-12-41-14-04,1/10/2019,"41,432,269.00",0
Lotto 6/42,23-29-31-32-42-25,1/12/2019,"44,683,381.00",0
Lotto 6/42,04-31-19-20-24-08,1/15/2019,"48,204,764.00",1
Lotto 6/42,19-29-42-40-23-04,1/17/2019,"5,940,000.00",0
Lotto 6/42,42-13-04-07-19-22,1/19/2019,"5,940,000.00",1
Lotto 6/42,26-15-03-13-36-10,1/22/2019,"5,940,000.00",0
Lotto 6/42,19-29-11-01-04-12,1/24/2019,"5,940,000.00",0
Lotto 6/42,42-36-12-01-41-35,1/26/2019,"6,313,599.00",0
Lotto 6/42,27-37-08-20-14-06,1/29/2019,"8,339,962.00",0
Lotto 6/42,06-36-28-09-03-13,1/31/2019,"10,733,141.00",0
Lotto 6/42,19-36-04-31-30-05,2/2/2019,"13,356,328.00",0
Lotto 6/42,28-31-15-24-11-36,2/5/2019,"15,883,743.00",0
Lotto 6/42,14-23-18-27-07-40,2/7/2019,"18,836,826.00",1
Lotto 6/42,12-21-03-05-15-20,2/9/2019,"5,940,000.00",1
Lotto 6/42,37-05-36-04-06-40,2/12/2019,"5,940,000.00",0
Lotto 6/42,41-15-01-38-39-14,2/14/2019,"5,940,000.00",0
Lotto 6/42,39-16-42-33-03-23,2/16/2019,"6,340,895.00",0
Lotto 6/42,01-15-24-08-06-03,2/19/2019,"8,300,240.00",0
Lotto 6/42,41-24-33-13-11-14,2/21/2019,"10,478,517.00",0
Lotto 6/42,22-21-33-31-23-40,2/23/2019,"12,881,164.00",0
Lotto 6/42,33-22-16-17-10-26,2/26/2019,"15,062,918.00",0
Lotto 6/42,21-31-11-19-01-13,2/28/2019,"17,515,528.00",1
Lotto 6/42,14-32-37-22-20-27,3/2/2019,"5,940,000.00",0
Lotto 6/42,01-42-11-25-26-35,3/5/2019,"5,940,000.00",0
Lotto 6/42,14-24-29-33-34-35,3/7/2019,"6,793,112.60",0
Lotto 6/42,23-36-07-10-41-15,3/9/2019,"9,156,800.80",0
Lotto 6/42,20-29-19-31-40-39,3/12/2019,"11,307,575.80",0
Lotto 6/42,14-27-05-42-26-25,3/14/2019,"13,644,848.40",0
Lotto 6/42,41-32-07-27-22-06,3/16/2019,"16,291,719.60",0
Lotto 6/42,19-33-29-36-13-37,3/19/2019,"18,651,233.60",0
Lotto 6/42,27-39-23-18-40-25,3/21/2019,"21,241,555.00",0
Lotto 6/42,10-01-09-35-16-19,3/23/2019,"24,098,464.40",0
Lotto 6/42,26-38-42-41-31-40,3/26/2019,"26,757,689.00",0
Lotto 6/42,15-20-35-36-13-38,3/28/2019,"29,519,462.40",0
Lotto 6/42,02-06-35-13-15-21,3/30/2019,"32,549,225.60",0
Lotto 6/42,36-08-34-20-37-05,4/2/2019,"35,355,662.20",0
Lotto 6/42,32-25-19-37-03-16,4/4/2019,"38,265,295.20",0
Lotto 6/42,03-09-15-12-18-42,4/6/2019,"41,374,360.40",0
Lotto 6/42,38-35-16-04-03-31,4/9/2019,"44,248,967.00",0
Lotto 6/42,09-20-17-27-18-39,4/11/2019,"47,329,992.40",0
Lotto 6/42,16-35-07-41-12-26,4/13/2019,"50,689,875.60",0
Lotto 6/42,23-27-09-34-02-41,4/16/2019,"53,944,347.20",0
Lotto 6/42,31-18-37-20-22-16,4/23/2019,"57,196,898.40",0
Lotto 6/42,24-38-36-27-09-05,4/25/2019,"60,476,883.80",0
Lotto 6/42,08-21-20-31-12-38,4/27/2019,"63,959,523.40",0
Lotto 6/42,18-33-19-17-26-25,4/30/2019,"67,318,796.60",0
Lotto 6/42,34-13-28-20-18-23,5/2/2019,"70,815,740.80",0
Lotto 6/42,16-14-40-05-09-22,5/4/2019,"74,674,067.80",0
Lotto 6/42,27-41-02-30-06-17,5/7/2019,"78,440,578.60",0
Lotto 6/42,42-08-07-35-17-28,5/9/2019,"82,179,390.80",0
Lotto 6/42,37-38-07-18-21-23,5/11/2019,"86,305,532.60",0
Lotto 6/42,05-22-32-08-06-09,5/14/2019,"90,784,206.40",0
Lotto 6/42,08-09-30-18-22-38,5/16/2019,"96,006,606.60",0
Lotto 6/42,24-23-34-35-06-37,5/18/2019,"101,012,565.60",0
Lotto 6/42,19-34-25-01-04-13,5/21/2019,"107,289,200.80",1
Lotto 6/42,37-28-09-21-33-13,5/23/2019,"5,940,000.00",0
Lotto 6/42,04-02-09-19-34-07,5/25/2019,"5,940,000.00",0
Lotto 6/42,15-18-32-30-08-06,5/28/2019,"6,897,700.60",0
Lotto 6/42,16-04-26-09-30-32,5/30/2019,"9,161,025.80",0
Lotto 6/42,19-32-25-06-09-40,6/1/2019,"11,760,700.00",0
Lotto 6/42,37-04-09-41-21-14,6/4/2019,"14,071,088.60",0
Lotto 6/42,37-20-17-36-34-12,6/6/2019,"16,623,847.00",0
Lotto 6/42,08-25-40-05-07-11,6/8/2019,"19,467,360.40",0
Lotto 6/42,07-36-35-27-19-08,6/11/2019,"22,160,793.20",0
Lotto 6/42,17-32-12-02-19-01,6/13/2019,"25,083,695.60",0
Lotto 6/42,25-40-42-31-37-03,6/15/2019,"28,453,993.20",0
Lotto 6/42,09-02-42-01-20-04,6/18/2019,"31,424,598.00",0
Lotto 6/42,08-29-42-06-25-36,6/20/2019,"34,375,805.60",0
Lotto 6/42,39-27-01-09-21-23,6/22/2019,"38,006,967.60",0
Lotto 6/42,40-17-20-26-21-28,6/25/2019,"41,110,643.00",0
Lotto 6/42,19-31-28-20-16-03,6/27/2019,"44,415,837.20",1
Lotto 6/42,26-28-07-18-13-10,6/29/2019,"5,940,000.00",0
Lotto 6/42,18-08-31-16-28-37,7/2/2019,"5,940,000.00",0
Lotto 6/42,25-01-05-19-22-38,7/4/2019,"6,982,110.80",0
Lotto 6/42,29-12-35-11-10-17,7/6/2019,"9,327,939.00",0
Lotto 6/42,04-22-12-38-03-01,7/9/2019,"11,697,977.40",0
Lotto 6/42,10-07-05-24-34-25,7/11/2019,"14,385,860.60",0
Lotto 6/42,34-28-07-02-08-15,7/13/2019,"17,253,136.00",0
Lotto 6/42,36-25-39-19-18-38,7/16/2019,"20,016,913.40",0
Lotto 6/42,29-16-14-25-19-38,7/18/2019,"23,294,059.00",0
Lotto 6/42,23-38-08-01-05-24,7/20/2019,"26,561,586.40",0
Lotto 6/42,07-22-01-30-04-32,7/23/2019,"29,779,054.00",0
Lotto 6/42,03-22-27-13-10-32,7/25/2019,"33,487,539.40",0
Lotto 6/42,31-17-16-05-09-32,7/27/2019,"33,928,701.20",0
Lotto 6/42,30-09-22-41-35-11,7/30/2019,"33,986,540.40",0
Lotto 6/42,01-02-39-14-18-31,8/1/2019,"37,543,668.00",0
Lotto 6/42,19-26-14-16-20-24,8/3/2019,"40,978,142.80",0
Lotto 6/42,27-23-41-38-03-07,8/6/2019,"44,776,239.00",0
Lotto 6/42,13-31-26-37-14-18,8/8/2019,"48,887,998.00",0
Lotto 6/42,18-23-29-34-21-39,8/10/2019,"53,004,179.00",0
Lotto 6/42,13-26-25-03-39-12,8/13/2019,"57,172,056.20",0
Lotto 6/42,16-06-33-37-27-21,8/15/2019,"62,009,594.60",2
Lotto 6/42,10-22-38-13-30-40,8/17/2019,"5,940,000.00",0
Lotto 6/42,19-16-15-07-08-23,8/20/2019,"5,940,000.00",0
Lotto 6/42,26-35-21-19-29-28,8/22/2019,"7,246,650.80",0
Lotto 6/42,14-36-17-13-10-02,8/24/2019,"9,702,089.20",0
Lotto 6/42,06-03-41-24-19-18,8/27/2019,"11,874,809.40",0
Lotto 6/42,08-07-40-11-05-42,8/29/2019,"14,394,232.40",1
Lotto 6/42,36-33-21-41-22-35,8/31/2019,"5,940,000.00",0
Lotto 6/42,32-06-09-24-18-04,9/3/2019,"5,940,000.00",0
Lotto 6/42,16-15-40-20-39-19,9/5/2019,"6,564,745.20",0
Lotto 6/42,40-28-31-17-34-10,9/7/2019,"8,920,800.60",0
Lotto 6/42,24-07-09-36-23-06,9/10/2019,"11,030,189.20",0
Lotto 6/42,37-03-17-25-30-31,9/12/2019,"13,499,470.80",0
Lotto 6/42,42-33-26-38-34-03,9/14/2019,"16,079,534.20",0
Lotto 6/42,42-33-26-38-34-03,9/14/2019,"16,079,534.20",0
Lotto 6/42,18-42-37-03-05-04,9/17/2019,"18,476,497.00",0
Lotto 6/42,23-21-07-33-34-39,9/19/2019,"21,218,389.80",0
Lotto 6/42,26-32-42-31-06-03,9/21/2019,"24,060,701.80",0
Lotto 6/42,35-34-06-33-16-25,9/24/2019,"26,640,551.60",0
Lotto 6/42,06-19-21-17-36-04,9/26/2019,"29,680,364.60",0
Lotto 6/42,26-27-37-07-24-25,9/28/2019,"32,566,319.20",0
Lotto 6/42,22-27-11-23-21-36,10/1/2019,"35,402,723.80",1
Lotto 6/42,16-35-31-33-06-27,10/3/2019,"5,940,000.00",0
Lotto 6/42,30-17-04-37-26-32,10/5/2019,"5,940,000.00",0
Lotto 6/42,20-24-18-30-26-34,10/8/2019,"6,334,826.40",0
Lotto 6/42,09-18-13-10-27-42,10/10/2019,"8,419,626.00",0
Lotto 6/42,19-14-09-07-15-28,10/12/2019,"10,602,212.20",1
Lotto 6/42,21-27-39-23-38-10,10/15/2019,"5,940,000.00",0
Lotto 6/42,26-17-07-13-10-40,10/17/2019,"5,940,000.00",0
Lotto 6/42,25-42-26-10-03-38,10/19/2019,"6,227,974.40",0
Lotto 6/42,07-05-23-16-31-41,10/22/2019,"8,178,499.00",0
Lotto 6/42,38-14-31-15-42-11,10/24/2019,"10,333,800.60",0
Lotto 6/42,23-39-34-16-18-42,10/26/2019,"12,662,905.20",0
Lotto 6/42,38-28-42-26-05-25,10/29/2019,"15,031,236.80",0
Lotto 6/42,39-06-12-05-14-42,10/31/2019,"17,776,309.60",0
Lotto 6/42,04-36-38-08-29-34,11/2/2019,"20,281,811.20",0
Lotto 6/42,35-18-28-32-38-23,11/5/2019,"23,182,929.20",0
Lotto 6/42,05-13-24-42-33-36,11/7/2019,"26,432,134.20",0
Lotto 6/42,27-14-15-26-11-10,11/9/2019,"29,718,906.80",0
Lotto 6/42,16-24-07-10-27-17,11/12/2019,"32,984,900.40",0
Lotto 6/42,14-25-34-30-05-18,11/14/2019,"36,599,717.60",0
Lotto 6/42,08-20-34-09-26-31,11/16/2019,"40,552,849.20",0
Lotto 6/42,03-02-40-41-05-09,11/19/2019,"44,451,195.00",0
Lotto 6/42,07-22-16-19-15-21,11/21/2019,"48,666,822.00",0
Lotto 6/42,03-22-05-28-23-01,11/23/2019,"53,126,673.40",0
Lotto 6/42,38-40-06-35-07-15,11/26/2019,"57,845,506.40",0
Lotto 6/42,10-34-02-04-38-40,11/28/2019,"62,603,204.20",0
Lotto 6/42,13-40-01-11-14-37,11/30/2019,"67,610,504.40",0
Lotto 6/42,26-23-12-01-34-17,12/3/2019,"71,768,302.00",1
Lotto 6/42,30-40-35-02-01-12,12/5/2019,"5,940,000.00",0
Lotto 6/42,09-17-20-34-06-31,12/7/2019,"5,940,000.00",0
Lotto 6/42,35-10-33-01-30-05,12/10/2019,"6,795,831.20",0
Lotto 6/42,10-14-04-03-31-37,12/12/2019,"9,014,346.60",0
Lotto 6/42,37-10-42-19-01-25,12/14/2019,"11,432,697.40",1
Lotto 6/42,02-33-30-42-06-20,12/17/2019,"5,940,000.00",0
Lotto 6/42,11-02-06-26-22-33,12/19/2019,"5,940,000.00",0
Lotto 6/42,24-32-18-39-12-28,12/21/2019,"6,525,392.60",0
Lotto 6/42,17-19-38-14-15-31,12/24/2019,"7,759,025.80",0
Lotto 6/42,05-17-19-04-20-25,12/26/2019,"9,988,613.00",0
Lotto 6/42,05-37-23-38-04-31,12/28/2019,"12,625,670.00",0
Lotto 6/42,22-16-38-40-20-25,12/31/2019,"14,179,129.00",0
Lotto 6/42,42-31-01-17-16-20,1/2/2020,"16,767,512.40",0
Lotto 6/42,39-27-05-14-09-08,1/4/2020,"19,571,534.40",0
Lotto 6/42,02-35-12-14-31-27,1/7/2020,"22,182,430.00",0
Lotto 6/42,11-40-31-30-28-18,1/9/2020,"25,171,560.00",0
Lotto 6/42,16-17-05-30-29-21,1/11/2020,"28,481,693.80",1
Lotto 6/42,40-39-20-33-13-34,1/14/2020,"5,940,000.00",0
Lotto 6/42,20-15-14-13-21-11,1/16/2020,"5,940,000.00",0
Lotto 6/42,12-18-35-10-42-05,1/18/2020,"6,451,816.20",0
Lotto 6/42,07-09-11-37-19-36,1/21/2020,"8,478,933.00",0
Lotto 6/42,25-40-09-04-02-22,1/23/2020,"10,728,907.20",0
Lotto 6/42,20-10-34-38-41-31,1/25/2020,"13,289,868.60",0
Lotto 6/42,11-14-24-38-20-16,1/28/2020,"15,564,428.40",0
Lotto 6/42,31-30-16-40-37-38,1/30/2020,"18,170,474.80",0
Lotto 6/42,05-17-29-10-09-18,2/1/2020,"21,145,043.60",0
Lotto 6/42,20-24-25-31-03-08,2/4/2020,"23,740,771.40",0
Lotto 6/42,05-19-09-30-25-35,2/6/2020,"26,612,882.80",0
Lotto 6/42,20-37-22-35-14-24,2/8/2020,"29,826,678.20",0
Lotto 6/42,23-15-03-11-22-40,2/11/2020,"32,870,363.80",0
Lotto 6/42,15-27-36-08-41-11,2/13/2020,"36,632,592.40",1
Lotto 6/42,38-18-28-15-25-27,2/15/2020,"5,940,000.00",0
Lotto 6/42,32-18-06-14-05-10,2/18/2020,"5,940,000.00",0
Lotto 6/42,41-37-23-17-05-08,2/20/2020,"7,047,795.40",0
Lotto 6/42,16-04-38-39-05-37,2/22/2020,"9,517,264.20",0
Lotto 6/42,22-16-42-03-05-38,2/25/2020,"11,700,595.80",0
Lotto 6/42,34-32-16-07-29-05,2/27/2020,"14,410,707.20",0
Lotto 6/42,24-39-23-10-42-08,2/29/2020,"17,228,376.40",0
Lotto 6/42,25-39-40-07-05-09,3/3/2020,"19,860,769.00",0
Lotto 6/42,17-24-14-39-15-20,3/5/2020,"22,901,387.00",0
Lotto 6/42,17-24-14-39-15-20,3/5/2020,"22,901,387.00",0
Lotto 6/42,14-17-11-05-03-09,3/7/2020,"25,925,143.60",0
Lotto 6/42,10-28-32-33-36-21,3/10/2020,"28,740,366.00",0
Lotto 6/42,17-30-13-41-27-25,3/12/2020,"31,769,824.20",0
Lotto 6/42,38-08-32-24-21-27,3/14/2020,"34,587,812.60",0
Lotto 6/42,38-09-42-30-08-34,3/17/2020,"35,306,486.60",0
Lotto 6/42,01-14-41-29-07-36,3/19/2020,"35,396,695.20",0
Lotto 6/42,12-36-38-21-31-23,3/21/2020,"35,453,702.00",0
Lotto 6/42,33-16-07-05-17-32,3/24/2020,"35,468,526.20",0
Lotto 6/42,30-26-08-02-33-37,3/26/2020,"35,477,503.60",0
Lotto 6/42,35-03-07-34-08-22,3/28/2020,"35,482,120.60",0
Lotto 6/42,40-32-27-22-06-07,8/8/2020,"35,756,853.60",0
Lotto 6/42,10-34-16-12-24-20,8/11/2020,"36,178,449.60",0
Lotto 6/42,14-38-16-10-31-06,8/13/2020,"36,749,691.20",0
Lotto 6/42,04-24-38-06-39-18,8/15/2020,"37,345,181.60",0
Lotto 6/42,04-33-03-11-38-28,8/18/2020,"38,009,524.40",0
Lotto 6/42,27-10-07-37-14-25,8/20/2020,"39,152,573.60",0
Lotto 6/42,02-11-21-40-12-15,8/22/2020,"40,496,072.60",0
Lotto 6/42,25-38-37-39-15-17,8/25/2020,"41,940,164.80",0
Lotto 6/42,20-23-03-14-19-05,8/27/2020,"43,700,529.40",0
Lotto 6/42,21-39-12-16-42-31,8/29/2020,"45,592,536.40",0
Lotto 6/42,29-24-21-15-36-34,9/1/2020,"47,469,540.80",0
Lotto 6/42,03-11-06-19-33-10,9/3/2020,"49,707,326.80",1
Lotto 6/42,32-18-09-25-35-42,9/5/2020,"5,940,000.00",0
Lotto 6/42,05-16-39-41-25-11,9/8/2020,"5,940,000.00",0
Lotto 6/42,17-02-10-07-18-29,9/10/2020,"5,940,000.00",0
Lotto 6/42,32-21-07-39-19-29,9/12/2020,"6,953,761.60",0
Lotto 6/42,18-25-10-28-22-27,9/15/2020,"8,597,525.00",1
Lotto 6/42,29-02-05-12-41-14,9/17/2020,"5,940,000.00",0
Lotto 6/42,24-23-10-07-31-40,9/19/2020,"5,940,000.00",0
Lotto 6/42,40-16-09-35-05-10,9/22/2020,"5,940,000.00",0
Lotto 6/42,38-09-07-18-29-12,9/24/2020,"7,501,899.60",0
Lotto 6/42,06-17-23-22-39-13,9/26/2020,"9,740,922.20",0
Lotto 6/42,24-31-03-36-02-33,9/29/2020,"11,606,479.40",0
Lotto 6/42,22-33-23-05-16-14,10/1/2020,"13,743,150.20",0
Lotto 6/42,42-31-39-22-36-19,10/3/2020,"16,160,050.80",0
Lotto 6/42,22-41-35-42-34-14,10/6/2020,"18,246,383.20",0
Lotto 6/42,37-21-23-36-02-41,10/8/2020,"20,490,737.40",0
Lotto 6/42,10-30-33-29-41-16,10/10/2020,"23,145,990.20",0
Lotto 6/42,31-29-23-10-16-04,10/13/2020,"25,403,539.00",0
Lotto 6/42,17-37-04-18-35-19,10/15/2020,"27,928,847.40",0
Lotto 6/42,27-10-14-15-38-19,10/17/2020,"31,041,336.00",0
Lotto 6/42,31-12-38-03-28-29,10/20/2020,"33,272,383.20",0
Lotto 6/42,20-02-37-25-18-06,10/22/2020,"36,027,395.80",0
Lotto 6/42,07-36-11-31-35-14,10/24/2020,"39,350,615.20",0
Lotto 6/42,07-14-01-23-42-25,10/27/2020,"41,984,392.00",0
Lotto 6/42,04-40-07-01-12-27,10/29/2020,"44,881,166.20",0
Lotto 6/42,26-27-40-21-01-41,10/31/2020,"48,709,689.40",1
Lotto 6/42,24-02-23-15-31-39,11/3/2020,"5,940,000.00",0
Lotto 6/42,21-20-04-27-32-10,11/5/2020,"5,940,000.00",0
Lotto 6/42,04-39-36-20-01-28,11/7/2020,"6,661,038.60",0
Lotto 6/42,13-04-33-14-27-01,11/10/2020,"8,668,470.80",0
Lotto 6/42,13-10-30-05-07-41,11/12/2020,"9,849,661.40",0
Lotto 6/42,29-39-41-27-23-09,11/14/2020,"12,457,842.80",0
Lotto 6/42,18-02-07-05-26-30,11/17/2020,"14,706,374.60",0
Lotto 6/42,14-34-23-05-15-22,11/19/2020,"17,258,333.20",0
Lotto 6/42,13-42-03-31-02-22,11/21/2020,"20,398,839.60",1
Lotto 6/42,24-19-41-09-39-29,11/24/2020,"5,940,000.00",0
Lotto 6/42,22-27-36-14-21-29,11/26/2020,"5,940,000.00",0
Lotto 6/42,06-22-28-32-30-12,11/28/2020,"7,146,772.20",0
Lotto 6/42,13-28-09-34-25-19,12/1/2020,"9,403,768.20",1
Lotto 6/42,25-23-05-20-39-03,12/3/2020,"5,940,000.00",0
Lotto 6/42,39-02-18-13-12-06,12/5/2020,"5,940,000.00",0
Lotto 6/42,12-39-16-02-24-36,12/8/2020,"7,690,958.40",0
Lotto 6/42,01-21-15-32-24-41,12/10/2020,"10,550,933.40",0
Lotto 6/42,22-32-03-37-28-08,12/12/2020,"13,768,850.20",0
Lotto 6/42,18-36-17-37-35-11,12/15/2020,"16,731,326.60",0
Lotto 6/42,20-11-05-22-39-25,12/17/2020,"20,422,279.00",0
Lotto 6/42,11-34-06-42-15-33,12/19/2020,"23,902,883.80",1
Lotto 6/42,04-01-28-05-27-33,12/22/2020,"5,940,000.00",0
Lotto 6/42,16-41-09-14-33-28,12/24/2020,"5,940,000.00",0
Lotto 6/42,37-23-34-24-15-22,12/26/2020,"6,914,701.80",0
Lotto 6/42,11-25-23-09-31-39,12/29/2020,"9,512,794.80",0
Lotto 6/42,24-25-13-06-34-42,12/31/2020,"11,576,196.60",0
Lotto 6/42,35-23-07-08-09-39,1/2/2021,"14,441,600.00",0
Lotto 6/42,27-36-25-31-34-07,1/5/2021,"17,492,045.40",0
Lotto 6/42,16-03-11-26-25-09,1/7/2021,"21,272,518.20",1
Lotto 6/42,08-33-09-25-34-17,1/9/2021,"5,940,000.00",0
Lotto 6/42,38-33-01-40-27-06,1/12/2021,"5,940,000.00",0
Lotto 6/42,22-04-30-17-33-01,1/14/2021,"8,268,415.80",0
Lotto 6/42,28-09-21-40-29-32,1/16/2021,"11,258,074.20",0
Lotto 6/42,22-13-27-35-16-02,1/19/2021,"13,936,805.00",0
Lotto 6/42,32-01-10-06-41-35,1/21/2021,"17,020,138.40",0
Lotto 6/42,05-02-12-26-28-04,1/23/2021,"20,130,966.60",1
Lotto 6/42,03-09-23-41-19-24,1/26/2021,"5,940,000.00",0
Lotto 6/42,18-35-30-29-26-19,1/28/2021,"5,940,000.00",0
Lotto 6/42,22-18-16-20-13-30,1/30/2021,"7,800,424.40",1
Lotto 6/42,38-25-37-12-09-18,2/2/2021,"5,940,000.00",0
Lotto 6/42,27-13-03-19-37-10,2/4/2021,"5,940,000.00",0
Lotto 6/42,20-07-30-18-05-17,2/6/2021,"7,852,199.80",0
Lotto 6/42,13-17-20-02-05-26,2/9/2021,"10,268,421.00",1
Lotto 6/42,16-30-03-12-21-23,2/11/2021,"5,940,000.00",0
Lotto 6/42,30-41-04-08-27-33,2/13/2021,"5,940,000.00",0
Lotto 6/42,37-36-05-10-08-16,2/16/2021,"8,064,184.80",1
Lotto 6/42,30-01-17-38-42-18,2/18/2021,"5,940,000.00",0
Lotto 6/42,37-02-31-26-15-38,2/20/2021,"5,940,000.00",0
Lotto 6/42,01-39-40-37-24-04,2/23/2021,"8,033,880.00",0
Lotto 6/42,04-24-08-02-12-17,2/25/2021,"10,829,574.20",0
Lotto 6/42,26-18-35-37-23-29,2/27/2021,"13,964,308.60",0
Lotto 6/42,25-02-18-38-12-28,3/2/2021,"16,957,185.60",0
Lotto 6/42,19-04-30-25-24-14,3/4/2021,"20,652,893.80",0
Lotto 6/42,28-24-25-32-20-29,3/6/2021,"24,179,389.60",0
Lotto 6/42,15-28-38-04-36-42,3/9/2021,"27,721,458.40",0
Lotto 6/42,38-18-04-39-20-32,3/11/2021,"31,716,737.40",0
Lotto 6/42,28-25-15-04-38-17,3/13/2021,"35,490,819.40",0
Lotto 6/42,34-30-19-15-38-24,3/16/2021,"39,341,110.40",0
Lotto 6/42,20-01-19-23-29-33,3/18/2021,"43,656,446.40",0
Lotto 6/42,02-32-22-17-37-21,3/20/2021,"47,646,651.40",0
Lotto 6/42,22-21-25-12-31-15,3/23/2021,"51,796,665.20",0
Lotto 6/42,27-04-17-31-39-16,3/25/2021,"56,483,629.80",0
Lotto 6/42,38-25-32-09-10-04,3/27/2021,"60,891,247.80",0
Lotto 6/42,13-24-39-40-02-09,3/30/2021,"62,337,161.20",0
Lotto 6/42,21-33-23-18-03-12,4/6/2021,"64,619,457.40",0
Lotto 6/42,11-19-02-26-16-39,4/8/2021,"66,982,509.20",0
Lotto 6/42,12-16-06-14-37-36,4/10/2021,"69,259,812.00",0
Lotto 6/42,14-26-07-18-05-37,4/13/2021,"71,593,142.60",0
Lotto 6/42,42-10-21-33-22-41,4/15/2021,"74,031,292.40",0
Lotto 6/42,37-32-02-22-03-20,4/17/2021,"76,554,222.40",0
Lotto 6/42,35-30-10-09-05-25,4/20/2021,"79,096,039.80",0
Lotto 6/42,12-24-39-17-21-19,4/22/2021,"81,655,494.80",0
Lotto 6/42,19-18-35-09-37-01,4/24/2021,"84,306,965.40",0
Lotto 6/42,15-31-41-02-19-25,4/27/2021,"87,011,375.20",0
Lotto 6/42,19-32-27-05-13-40,4/29/2021,"89,732,938.20",0
Lotto 6/42,41-11-12-35-06-05,5/1/2021,"92,494,481.40",0
Lotto 6/42,08-14-29-22-02-06,5/4/2021,"95,387,880.60",0
Lotto 6/42,41-14-34-23-19-02,5/6/2021,"98,318,157.20",0
Lotto 6/42,15-36-03-24-06-08,5/8/2021,"101,321,872.40",2
Lotto 6/42,22-14-26-11-04-41,5/11/2021,"5,940,000.00",0
Lotto 6/42,32-40-20-12-05-42,5/13/2021,"5,940,000.00",0
Lotto 6/42,14-29-21-40-13-27,5/15/2021,"5,940,000.00",0
Lotto 6/42,02-26-20-07-22-32,5/18/2021,"6,569,841.20",0
Lotto 6/42,09-15-28-36-02-42,5/20/2021,"8,912,986.00",0
Lotto 6/42,35-36-33-14-04-37,5/22/2021,"11,578,601.40",0
Lotto 6/42,15-26-01-29-40-36,5/25/2021,"14,017,491.20",0
Lotto 6/42,05-39-31-11-21-25,5/27/2021,"16,766,666.80",1
Lotto 6/42,27-41-24-13-26-23,5/29/2021,"5,940,000.00",0
Lotto 6/42,20-24-11-37-26-31,6/1/2021,"5,940,000.00",0
Lotto 6/42,24-40-01-32-06-14,6/3/2021,"7,312,866.20",0
Lotto 6/42,21-05-09-03-01-12,6/5/2021,"10,032,090.40",1
Lotto 6/42,01-07-32-42-22-38,6/8/2021,"5,940,000.00",0
Lotto 6/42,35-15-42-27-13-17,6/10/2021,"5,940,000.00",0
Lotto 6/42,16-01-35-09-41-06,6/12/2021,"7,229,392.00",0
Lotto 6/42,38-26-05-21-39-33,6/15/2021,"9,621,664.00",0
Lotto 6/42,42-41-21-06-09-08,6/17/2021,"12,312,883.60",0
Lotto 6/42,23-02-31-20-06-28,6/19/2021,"15,445,170.20",1
Lotto 6/42,13-29-14-35-23-07,6/22/2021,"5,940,000.00",0
Lotto 6/42,06-04-34-32-01-36,6/24/2021,"5,940,000.00",0
Lotto 6/42,36-22-08-30-15-14,6/26/2021,"7,514,479.80",0
Lotto 6/42,07-04-32-24-41-02,6/29/2021,"9,830,516.40",0
Lotto 6/42,09-02-20-26-01-32,7/1/2021,"12,515,725.00",0
Lotto 6/42,15-03-35-25-39-27,7/3/2021,"15,820,975.40",0
Lotto 6/42,32-17-31-12-39-07,7/6/2021,"18,818,304.20",0
Lotto 6/42,18-14-32-17-25-34,7/8/2021,"22,826,272.40",0
Lotto 6/42,01-04-17-33-03-27,7/10/2021,"26,693,912.60",0
Lotto 6/42,06-25-36-21-39-28,7/13/2021,"30,541,523.60",0
Lotto 6/42,34-39-29-20-36-19,7/15/2021,"34,977,652.60",0
Lotto 6/42,32-27-08-34-09-21,7/17/2021,"39,275,103.20",0
Lotto 6/42,15-31-24-10-40-17,7/20/2021,"43,368,615.60",0
Lotto 6/42,04-09-41-33-20-29,7/22/2021,"47,392,983.80",0
Lotto 6/42,30-12-19-31-34-39,7/24/2021,"51,608,991.60",0
Lotto 6/42,38-04-08-42-41-18,7/27/2021,"56,339,973.20",0
Lotto 6/42,07-35-21-33-12-29,7/29/2021,"61,475,640.00",0
Lotto 6/42,06-11-39-28-07-29,7/31/2021,"66,826,921.00",0
Lotto 6/42,14-36-26-25-29-16,8/3/2021,"71,928,703.20",0
Lotto 6/42,11-33-08-29-07-19,8/5/2021,"77,160,882.40",1
Lotto 6/42,24-37-15-26-22-31,8/7/2021,"5,940,000.00",0
Lotto 6/42,15-10-12-41-02-29,8/10/2021,"5,940,000.00",0
Lotto 6/42,20-09-15-13-33-40,8/12/2021,"5,940,000.00",0
Lotto 6/42,32-14-02-22-17-42,8/14/2021,"6,719,409.60",0
Lotto 6/42,29-32-03-34-25-19,8/17/2021,"8,291,180.20",0
Lotto 6/42,20-33-26-15-04-11,8/19/2021,"10,053,409.00",0
Lotto 6/42,01-05-41-26-03-09,8/21/2021,"12,381,299.00",0
Lotto 6/42,17-09-34-05-42-08,8/24/2021,"14,826,147.00",0
Lotto 6/42,41-17-33-34-01-15,8/26/2021,"17,926,182.00",1
Lotto 6/42,21-25-41-02-17-29,8/28/2021,"5,940,000.00",1
Lotto 6/42,27-16-03-37-01-31,8/31/2021,"5,940,000.00",0
Lotto 6/42,15-07-40-35-23-14,9/2/2021,"5,940,000.00",0
Lotto 6/42,30-26-41-16-14-09,9/4/2021,"7,587,656.40",0
Lotto 6/42,40-01-07-25-30-02,9/7/2021,"9,864,620.00",0
Lotto 6/42,10-40-19-23-17-06,9/9/2021,"12,494,141.00",0
Lotto 6/42,15-19-41-34-07-35,9/11/2021,"15,003,188.20",0
Lotto 6/42,08-06-02-12-35-27,9/14/2021,"17,521,510.00",0
Lotto 6/42,02-28-33-31-13-12,9/16/2021,"20,475,226.00",0
Lotto 6/42,18-29-12-02-30-08,9/18/2021,"23,853,504.40",0
Lotto 6/42,24-42-36-40-34-20,9/21/2021,"26,734,624.00",0
Lotto 6/42,03-10-33-15-34-27,9/23/2021,"29,947,726.80",0
Lotto 6/42,35-07-15-17-09-34,9/25/2021,"33,719,984.20",0
Lotto 6/42,10-06-02-09-18-29,9/28/2021,"36,829,296.20",1
Lotto 6/42,28-23-40-11-07-08,9/30/2021,"5,940,000.00",0
Lotto 6/42,16-12-04-36-22-17,10/2/2021,"5,940,000.00",0
Lotto 6/42,18-10-24-36-15-27,10/5/2021,"7,957,175.40",0
Lotto 6/42,17-13-37-38-07-09,10/7/2021,"10,747,777.00",0
Lotto 6/42,28-33-19-18-30-12,10/9/2021,"13,830,357.20",0
Lotto 6/42,14-04-30-02-33-22,10/12/2021,"16,453,753.80",0
Lotto 6/42,23-25-15-03-16-32,10/14/2021,"19,396,737.20",0
Lotto 6/42,23-25-15-03-16-32,10/14/2021,"19,396,737.20",0
Lotto 6/42,03-15-11-25-22-16,10/16/2021,"22,834,039.60",0
Lotto 6/42,26-25-28-39-16-32,10/19/2021,"25,997,244.40",0
Lotto 6/42,15-33-22-38-07-26,10/21/2021,"29,475,288.00",0
Lotto 6/42,42-03-41-19-01-07,10/23/2021,"32,981,785.40",1
Lotto 6/42,29-13-04-32-26-25,10/26/2021,"5,940,000.00",0
Lotto 6/42,37-09-25-14-28-04,10/28/2021,"5,940,000.00",1
Lotto 6/42,26-05-42-32-15-19,10/30/2021,"5,940,000.00",1
Lotto 6/42,30-15-36-20-04-29,11/2/2021,"5,940,000.00",0
Lotto 6/42,35-34-14-22-06-33,11/4/2021,"5,940,000.00",0
Lotto 6/42,24-27-29-08-22-04,11/6/2021,"8,244,527.20",1
Lotto 6/42,01-22-21-26-19-16,11/9/2021,"5,940,000.00",0
Lotto 6/42,38-15-35-25-21-16,11/11/2021,"5,940,000.00",0
Lotto 6/42,09-25-35-21-15-37,11/13/2021,"8,489,696.40",1
Lotto 6/42,35-27-04-34-31-17,11/16/2021,"5,940,000.00",0
Lotto 6/42,19-30-23-11-42-36,11/18/2021,"6,045,592.80",0
Lotto 6/42,15-12-10-38-17-01,11/20/2021,"9,213,202.00",0
Lotto 6/42,35-19-36-40-04-24,11/23/2021,"12,323,185.60",0
Lotto 6/42,38-41-21-28-02-13,11/25/2021,"16,037,716.20",1
Lotto 6/42,07-13-05-30-24-12,11/27/2021,"5,940,000.00",1
Lotto 6/42,10-14-31-09-01-33,11/30/2021,"5,940,000.00",0
Lotto 6/42,30-04-09-21-05-20,12/2/2021,"5,975,395.80",1
Lotto 6/42,21-11-19-08-42-04,12/4/2021,"5,940,000.00",1
Lotto 6/42,11-15-08-04-01-36,12/7/2021,"5,940,000.00",0
Lotto 6/42,18-39-38-11-28-03,12/9/2021,"6,019,007.60",0
Lotto 6/42,30-05-25-23-32-41,12/11/2021,"9,544,200.80",0
Lotto 6/42,06-02-23-28-05-17,12/14/2021,"12,696,647.60",0
Lotto 6/42,25-13-07-31-22-40,12/16/2021,"16,056,791.80",0
Lotto 6/42,29-35-08-39-17-10,12/18/2021,"19,614,132.00",0
Lotto 6/42,05-18-35-07-33-40,12/21/2021,"22,950,000.00",0
Lotto 6/42,13-03-08-27-15-12,12/23/2021,"26,815,771.60",0
Lotto 6/42,27-23-38-40-17-24,12/28/2021,"30,637,029.60",0
Lotto 6/42,14-41-29-13-32-02,12/30/2021,"34,890,087.80",0
Lotto 6/42,23-01-09-24-12-07,1/6/2022,"42,945,708.20",4
Lotto 6/42,12-16-08-11-01-18,1/4/2022,"38,829,392.80",0
Lotto 6/42,32-41-15-25-18-22,1/8/2022,"5,940,000.00",0
Lotto 6/42,35-28-25-36-31-03,1/11/2022,"5,940,000.00",0
Lotto 6/42,18-15-33-27-07-14,1/13/2022,"7,068,747.40",0
Lotto 6/42,18-28-16-32-29-10,1/15/2022,"10,025,465.00",0
Lotto 6/42,23-16-30-36-19-38,1/18/2022,"13,172,710.20",0
Lotto 6/42,15-05-17-07-20-33,1/20/2022,"16,840,457.80",0
Lotto 6/42,08-09-15-36-35-34,1/22/2022,"20,720,246.60",0
Lotto 6/42,24-26-06-39-20-35,1/25/2022,"24,635,223.60",0
Lotto 6/42,03-27-36-28-12-08,1/27/2022,"29,164,435.20",0
Lotto 6/42,33-27-19-35-42-14,1/29/2022,"33,852,288.40",0
Lotto 6/42,20-15-04-34-06-18,2/1/2022,"38,674,890.20",0
Lotto 6/42,32-17-18-24-30-33,2/3/2022,"44,124,019.40",0
Lotto 6/42,30-20-15-09-23-22,2/5/2022,"49,813,434.40",1
Lotto 6/42,08-28-18-23-19-39,2/8/2022,"5,940,000.00",0
Lotto 6/42,38-26-13-37-15-39,2/10/2022,"6,500,180.40",0
Lotto 6/42,07-24-25-12-15-32,2/12/2022,"9,760,454.80",0
Lotto 6/42,23-05-37-04-26-41,2/15/2022,"12,870,173.00",0
Lotto 6/42,02-01-39-14-38-24,2/17/2022,"16,654,165.00",0
Lotto 6/42,37-29-31-30-21-17,2/19/2022,"20,522,079.40",0
Lotto 6/42,13-03-06-30-21-19,2/22/2022,"24,425,273.40",0
Lotto 6/42,12-29-15-03-06-20,2/24/2022,"28,851,800.80",1
Lotto 6/42,02-16-28-10-37-15,2/26/2022,"5,940,000.00",0
Lotto 6/42,42-18-16-14-24-11,3/1/2022,"6,082,200.40",0
Lotto 6/42,10-28-31-30-33-40,3/3/2022,"9,167,960.60",0
Lotto 6/42,18-34-33-39-11-36,3/5/2022,"12,537,017.20",1
Lotto 6/42,36-32-42-15-28-12,3/8/2022,"5,940,000.00",0
Lotto 6/42,10-18-35-28-22-13,3/10/2022,"5,940,000.00",0
Lotto 6/42,25-24-18-03-41-19,3/12/2022,"8,818,322.20",0
Lotto 6/42,30-18-40-32-06-14,3/15/2022,"11,687,949.60",0
Lotto 6/42,22-05-20-01-25-07,3/17/2022,"15,031,175.20",0
Lotto 6/42,17-18-19-20-08-33,3/19/2022,"18,726,352.60",0
Lotto 6/42,34-36-07-41-40-17,3/22/2022,"22,489,187.80",0
Lotto 6/42,30-42-23-36-37-07,3/24/2022,"26,888,547.40",0
Lotto 6/42,25-41-35-39-14-26,3/26/2022,"31,209,194.00",1
Lotto 6/42,35-37-08-26-04-20,3/29/2022,"5,940,000.00",0
Lotto 6/42,27-17-19-16-33-36,3/31/2022,"6,111,716.80",0
Lotto 6/42,16-38-19-18-25-34,4/2/2022,"9,452,158.80",0
Lotto 6/42,31-22-37-04-34-05,4/5/2022,"12,124,273.00",0
Lotto 6/42,42-36-27-25-33-22,4/7/2022,"15,547,657.40",0
Lotto 6/42,16-27-09-31-07-14,4/9/2022,"19,174,546.00",0
Lotto 6/42,04-26-28-02-05-03,4/12/2022,"22,509,413.00",0
Lotto 6/42,10-11-08-30-29-26,4/19/2022,"26,208,227.40",0
Lotto 6/42,29-35-12-36-07-03,4/21/2022,"30,084,914.40",0
Lotto 6/42,21-37-28-22-39-02,4/23/2022,"34,194,443.60",0
Lotto 6/42,18-15-17-24-33-10,4/26/2022,"38,170,552.20",0
Lotto 6/42,39-24-33-06-42-25,4/28/2022,"42,434,650.00",0
Lotto 6/42,17-25-21-33-39-04,4/30/2022,"47,018,808.20",0
Lotto 6/42,07-22-19-20-40-10,5/3/2022,"51,412,148.00",1
Lotto 6/42,19-07-04-41-23-09,5/5/2022,"5,940,000.00",0
Lotto 6/42,14-24-08-16-22-37,5/7/2022,"6,051,682.00",0
Lotto 6/42,07-13-18-02-28-37,5/10/2022,"8,509,629.80",0
Lotto 6/42,15-20-33-37-10-02,5/12/2022,"11,692,275.80",0
Lotto 6/42,19-25-18-33-10-31,5/14/2022,"15,020,774.00",0
Lotto 6/42,13-08-15-33-37-22,5/17/2022,"18,149,335.60",0
Lotto 6/42,24-40-18-03-08-34,5/19/2022,"22,290,301.60",0
Lotto 6/42,37-34-32-35-08-36,5/21/2022,"26,320,485.80",0
Lotto 6/42,13-29-26-11-12-34,5/24/2022,"30,265,196.20",0
Lotto 6/42,34-41-04-29-19-18,5/26/2022,"34,985,545.40",0
Lotto 6/42,09-17-23-11-13-30,5/28/2022,"39,311,022.60",0
Lotto 6/42,25-20-29-07-21-02,5/31/2022,"43,912,343.80",3
Lotto 6/42,28-36-14-37-13-03,6/2/2022,"5,940,000.00",0
Lotto 6/42,24-35-04-07-22-02,6/4/2022,"6,768,840.80",0
Lotto 6/42,22-09-38-36-42-13,6/7/2022,"9,696,500.00",0
Lotto 6/42,39-33-18-01-24-36,6/9/2022,"12,998,501.00",1
Lotto 6/42,02-20-34-40-27-22,6/11/2022,"5,940,000.00",0
Lotto 6/42,42-38-21-06-01-41,6/14/2022,"6,051,521.20",0
Lotto 6/42,33-31-13-41-25-18,6/16/2022,"9,423,997.80",1
Lotto 6/42,08-15-11-23-36-33,6/18/2022,"5,940,000.00",1
Lotto 6/42,07-18-12-17-06-14,6/21/2022,"5,940,000.00",0
Lotto 6/42,24-05-13-39-06-40,6/23/2022,"6,457,370.20",0
Lotto 6/42,27-24-40-14-39-04,6/25/2022,"10,518,111.40",0
Lotto 6/42,18-31-26-08-23-29,6/28/2022,"13,886,702.20",0
Lotto 6/42,31-38-13-20-14-18,6/30/2022,"18,353,331.00",0
Lotto 6/42,17-10-15-09-35-01,7/2/2022,"23,545,622.40",0
Lotto 6/42,06-18-17-11-31-29,7/5/2022,"28,572,306.60",0
Lotto 6/42,09-10-42-08-13-41,7/7/2022,"34,838,186.80",2
Lotto 6/42,27-18-26-13-02-03,7/9/2022,"5,940,000.00",1
Lotto 6/42,09-33-35-12-31-08,7/12/2022,"5,940,000.00",0
Lotto 6/42,13-08-42-03-02-15,7/14/2022,"6,848,076.80",0
Lotto 6/42,41-32-31-04-08-38,7/16/2022,"10,733,280.80",0
Lotto 6/42,18-09-16-12-36-14,7/19/2022,"14,283,746.80",0
Lotto 6/42,40-19-16-07-10-21,7/21/2022,"18,367,924.00",0
Lotto 6/42,17-11-23-21-05-25,7/23/2022,"23,061,318.00",2
Lotto 6/42,24-30-32-37-02-05,7/26/2022,"5,940,000.00",0
Lotto 6/42,37-22-25-08-26-15,7/28/2022,"6,627,802.60",0
